split_train_seed,experiment,best_epoch,overall_dice,Esophagus,Heart,Trachea,Aorta
split42_train0,Baseline,23,0.8562829992593861,0.7246473511455157,0.9452019828661838,0.90129534898493,0.853987314040915
split42_train0,Rotation,25,0.8551073866902136,0.7241961584412936,0.9374536015211203,0.8973445670896173,0.861435219708823
split42_train0,Translation,24,0.8569300823497766,0.7400487327540428,0.9555176514655787,0.8717307623792077,0.8604231828002775
split42_train0,Scaling,23,0.8580257940347895,0.7302585678845308,0.9395241261859598,0.9056659268477069,0.8566545552209608
split42_train0,Noise,24,0.8425137429927199,0.7037155189712083,0.9355309030811608,0.89209719728766,0.8387113526308505
split42_train0,Combination,21,0.8556064354149266,0.7178689666149078,0.9438841848559203,0.901173604112759,0.8594989860761191
split42_train0,Combination no noise,24,0.8726411546498098,0.7545647837147377,0.9544343472936914,0.9035722924979107,0.8779931950928999
split43_train1,Baseline,23,0.848432332561028,0.7078626248356973,0.9410779208363206,0.8848652279340395,0.8599235566380546
split43_train1,Rotation,25,0.8750745854915306,0.7407442549754994,0.9528490054854063,0.9226564318037046,0.8840486497015122
split43_train1,Translation,19,0.8659369885868734,0.7347239764717742,0.9480377351891165,0.8994512367118093,0.8815350059747935
split43_train1,Scaling,23,0.8612278035560781,0.7384019040055892,0.952760554675608,0.8832250993322814,0.8705236562108334
split43_train1,Noise,23,0.8560686482826053,0.7335473792105216,0.9390570484575193,0.9177601390859859,0.8339100263763949
split43_train1,Combination,22,0.8599080954159755,0.7260677990913343,0.9513382860486196,0.9168315104309996,0.8453947860929484
split43_train1,Combination no noise,23,0.8718161371291161,0.7407310873742874,0.9580666380428761,0.9186642563643744,0.8698025667349266
split44_train2,Baseline,21,0.8213395952320636,0.6814368602585288,0.9157552313296631,0.8854602738217221,0.8027060155183404
split44_train2,Rotation,25,0.8369631401104876,0.7087873217407215,0.9196836764660624,0.8985806368194181,0.8208009254157485
split44_train2,Translation,25,0.8344262653162399,0.7047233269330938,0.9137673489522365,0.897915491101765,0.8212988942778644
split44_train2,Scaling,25,0.8304451322428333,0.6943406739765058,0.9224508804753936,0.8948615050217045,0.8101274694977295
split44_train2,Noise,25,0.816147402886714,0.6746339800763048,0.9059724256389576,0.9005873642354388,0.7833958415961546
split44_train2,Combination,25,0.8261452513713138,0.6939287803423532,0.9214711141704909,0.8958940721636608,0.7932870388087504
split44_train2,Combination no noise,20,0.8456504774345872,0.7254094791796233,0.9164584207916002,0.899919797148235,0.8408142126188904
