split_train_seed,experiment,epoch,overall_val_dice,overall_train_dice,val_loss,train_loss,Esophagus_val_dice,Heart_val_dice,Trachea_val_dice,Aorta_val_dice
split42_train0,Baseline,1,0.5833762887650511,0.4184379348780118,0.1063373384713636,0.5318796230167369,0.4639175258844446,0.7108247424390604,0.6639175258827306,0.4948453608539689
split42_train0,Baseline,2,0.6365740006380354,0.596631669376653,0.03469544704313631,0.061766300676730425,0.4639175258844446,0.8571207446402472,0.7304123711734807,0.4948453608539689
split42_train0,Baseline,3,0.6509141709012622,0.6424739910496002,0.02008012728573977,0.026612901925551196,0.4639175258844446,0.9144814256931547,0.7304123711734807,0.4948453608539689
split42_train0,Baseline,4,0.6473927057267188,0.6499163419612689,0.018547846980722538,0.016790290844429585,0.4639175258844446,0.9008991791622263,0.7299087570062359,0.4948453608539689
split42_train0,Baseline,5,0.6885769530660616,0.6655224572118108,0.013589199868590406,0.012435184903850737,0.4639175258844446,0.9187423087609343,0.7304123711734807,0.6412356064453867
split42_train0,Baseline,6,0.6936292673549145,0.7188566228207185,0.013217581001277094,0.009471381477753286,0.4639175258844446,0.9134830069055857,0.7304123711734807,0.6667041654561469
split42_train0,Baseline,7,0.7134735488076431,0.7351210495785275,0.011710138538988392,0.00784590699400644,0.4639175258844446,0.923517779126414,0.7304123711734807,0.7360465190462333
split42_train0,Baseline,8,0.7264995221956015,0.748191901528048,0.011417182900299944,0.006912813971097833,0.4639175258844446,0.9169545616995226,0.7304123711734807,0.7947136300249581
split42_train0,Baseline,9,0.7347727899250052,0.7580247572147296,0.010925492792775464,0.0060313061912999535,0.4639175258844446,0.9337701302051201,0.7304123711734807,0.8109911324369753
split42_train0,Baseline,10,0.730522731769256,0.7636434886275973,0.009819155239520226,0.0059071402126637685,0.4639175258844446,0.9203811242492949,0.7304123711734807,0.8073799057698037
split42_train0,Baseline,11,0.7368853272672479,0.7720785208907832,0.009989719753017804,0.005196869452517942,0.4639175258844446,0.9322692555516618,0.7304123711734807,0.8209421564594046
split42_train0,Baseline,12,0.710193465489474,0.7625315124795289,0.009245725682627126,0.0053977564762620065,0.4639175258844446,0.8241065713625233,0.719963992008642,0.8327857727022862
split42_train0,Baseline,13,0.7789848996001731,0.762448706743643,0.011332078796316517,0.004477909426961135,0.4639175258844446,0.9289118670740294,0.8757630875709768,0.8473471178712416
split42_train0,Baseline,14,0.7748268634203124,0.8207529637542803,0.009707887326769023,0.004323683769516919,0.4639175258844446,0.9320409240224404,0.8742663740286012,0.8290826297457631
split42_train0,Baseline,15,0.794276800848638,0.8270951194119562,0.011334129559089226,0.0037753542699939468,0.5750797517872864,0.8754212750313078,0.8912875802714982,0.8353185963044595
split42_train0,Baseline,16,0.8368607675478358,0.8836462114295499,0.00931866263058154,0.0039248262878539665,0.7026883796563239,0.929512142166941,0.8946035152003403,0.8206390331677377
split42_train0,Baseline,17,0.8402797463788012,0.905140548722595,0.009811383181500346,0.003429076531655529,0.6928126860403914,0.9394046595509591,0.8908216962666635,0.8380799436571911
split42_train0,Baseline,18,0.8307081290887052,0.912003239255492,0.011273734938249581,0.003169824348093031,0.6960345272800467,0.9040504280877791,0.8945177428257105,0.8282298181612843
split42_train0,Baseline,19,0.8462151637942096,0.9116014332367816,0.009138423937349718,0.003183568575475569,0.7116152749562269,0.9255286643780904,0.8970872084564913,0.8506295073860298
split42_train0,Baseline,20,0.8498599183891856,0.9190672555823381,0.010070064891282407,0.0029241811910671366,0.738701857123987,0.9302004484598726,0.8808614501264285,0.8496759178464542
split42_train0,Baseline,21,0.8485644829902296,0.9252777572502492,0.01054722701855222,0.002699015461576314,0.7228179869880105,0.9336115971862744,0.8979582988032326,0.8398700489834008
split42_train0,Baseline,22,0.8495981820469808,0.9206058879516621,0.009752255900967151,0.0031576308139674636,0.7284932046361922,0.9262367246793946,0.9006345330330122,0.8430282658393243
split42_train0,Baseline,23,0.8562829992593861,0.9250517375961235,0.009468418581674675,0.00287585030605143,0.7246473511455157,0.9452019828661838,0.90129534898493,0.853987314040915
split42_train0,Baseline,24,0.8487973273855218,0.9322315339768041,0.01064223992152283,0.0025527060818119167,0.7272738994361581,0.9196936946270343,0.8960144781443351,0.8522072373345599
split42_train0,Baseline,25,0.8346521883754183,0.9347816220369365,0.00998820463633378,0.0024185868941611153,0.6962508099724457,0.922593557364082,0.8972972646593341,0.8224671215058118
split42_train0,Rotation,1,0.6137886598782942,0.3981406555547382,0.10687875260173539,0.5323532074037259,0.4639175258844446,0.7742268042082425,0.7221649485665212,0.4948453608539689
split42_train0,Rotation,2,0.6420852008665858,0.5923407994352964,0.032671460467908114,0.05897329633198951,0.4639175258844446,0.9095653441754308,0.7000125725524992,0.4948453608539689
split42_train0,Rotation,3,0.6488974850741869,0.6272833752389612,0.0202168434927309,0.024952554158920788,0.4639175258844446,0.9146621049922419,0.7221649485660919,0.4948453608539689
split42_train0,Rotation,4,0.607900565500198,0.6208634933783267,0.01557151386571795,0.016528085035944943,0.4639175258844446,0.9309406984084071,0.4792115152603835,0.5575325224475566
split42_train0,Rotation,5,0.6987981629325515,0.6652474999436359,0.012930348639591088,0.012647982469222841,0.4639175258844446,0.928787512005449,0.722680412456459,0.6798072013838536
split42_train0,Rotation,6,0.6969081080050974,0.7057095094918908,0.011801730495505801,0.010217556483826063,0.4639175258844446,0.9154386360821068,0.7304123711734807,0.677863898880357
split42_train0,Rotation,7,0.6956385945046337,0.6847862770226457,0.011203966263026275,0.008613801142880625,0.4639175258844446,0.8499175195887977,0.7304123711734807,0.7383069613718121
split42_train0,Rotation,8,0.6925044275150656,0.6872915483296873,0.010447334003282151,0.007712881764512591,0.4639175258844446,0.7970144871401291,0.7304123711734807,0.7786733258622077
split42_train0,Rotation,9,0.6602445709868007,0.693419502533849,0.010582255161584857,0.007161304489777417,0.4639175258844446,0.6885388092608979,0.7304123711734807,0.7581095776283795
split42_train0,Rotation,10,0.6741799879644816,0.6907992801691847,0.01003981171238836,0.0068711162289862866,0.4639175258844446,0.7425937382419587,0.7304123711734807,0.7597963165580427
split42_train0,Rotation,11,0.6984322185613592,0.6998776375951988,0.008788841398888692,0.006362879006565977,0.4639175258844446,0.803843101701492,0.7304123711734807,0.7955558754860192
split42_train0,Rotation,12,0.7177732046792946,0.6993980374448795,0.009345282120987057,0.006019478761013189,0.4639175258844446,0.872859277537043,0.7304123711734807,0.8039036441222105
split42_train0,Rotation,13,0.6582320432908507,0.7087182437642832,0.01115398321087796,0.005689668211955101,0.4639175258844446,0.6612202691403652,0.7299269790946566,0.7778633990439366
split42_train0,Rotation,14,0.6855866435057928,0.7027192725166773,0.009658449480868565,0.00540690978327902,0.4639175258844446,0.7276061708632515,0.7203797597573615,0.8304431175181137
split42_train0,Rotation,15,0.7480351454441956,0.7272622106463262,0.009313314972001505,0.005337538374383955,0.4639175258844446,0.8536002209658582,0.8678242620932419,0.8067985728332374
split42_train0,Rotation,16,0.7630223665206349,0.770306470614349,0.008904900367427072,0.005163971397322161,0.4656131279013286,0.8872560371043364,0.8677380334184308,0.8314822676584438
split42_train0,Rotation,17,0.7865646880169866,0.7933796978599809,0.009447487450778842,0.004768022173084319,0.5124906418597958,0.9345717510056872,0.853731120487633,0.8454652387148304
split42_train0,Rotation,18,0.7947604560408752,0.8113015930347827,0.010032202647346788,0.004815042943542442,0.5791482418821303,0.9092494095085863,0.8701826767523121,0.8204614960204719
split42_train0,Rotation,19,0.8355581839314232,0.8418076944533557,0.009137272080039454,0.004429755061796873,0.6675775646679535,0.9220615997350117,0.8888473981318233,0.8637461731909045
split42_train0,Rotation,20,0.8364416356293416,0.8661198270026962,0.009020717159833318,0.003975762991722415,0.6720542251357439,0.9486059310261289,0.8797780575311922,0.8453283288243014
split42_train0,Rotation,21,0.847070924069402,0.8734803157289117,0.008628455683839718,0.004075915633146753,0.692789762855675,0.9382390455175024,0.891789423029253,0.8654654648751774
split42_train0,Rotation,22,0.8497088035998382,0.8808287966798095,0.008180785966339907,0.0038830006945059113,0.7034141576147034,0.9430636944152342,0.8864475699143975,0.8659097924550178
split42_train0,Rotation,23,0.8503992396782338,0.892751578603478,0.00870369830261799,0.003727534103519997,0.7130446308817983,0.9532725659900876,0.8744287732746922,0.8608509885663572
split42_train0,Rotation,24,0.8520819716356411,0.8939894662789197,0.008631797638192865,0.0036432666902262104,0.7101317164426456,0.9445616987995348,0.8861237778456968,0.8675106934546872
split42_train0,Rotation,25,0.8551073866902136,0.8999717868572327,0.007976650252106086,0.003439948214753361,0.7241961584412936,0.9374536015211203,0.8973445670896173,0.861435219708823
split42_train0,Translation,1,0.5917525775905743,0.40075308895449047,0.12062891747480557,0.5321607092980051,0.4639175258844446,0.7427835055194106,0.6654639181044733,0.4948453608539689
split42_train0,Translation,2,0.5878266115325679,0.5922786855429277,0.03666393354596424,0.06284042228638691,0.4639175258844446,0.7853171512210485,0.6072264081708098,0.4948453608539689
split42_train0,Translation,3,0.6353551137368048,0.6148589076276885,0.02041055051870491,0.02856586985154091,0.4639175258844446,0.852245197035325,0.7304123711734807,0.4948453608539689
split42_train0,Translation,4,0.6672102582566052,0.6343898353961861,0.015378164344969294,0.017417832648204845,0.4639175258844446,0.759890765508933,0.7304123711734807,0.7146203704595623
split42_train0,Translation,5,0.6937218482877583,0.6924171134291949,0.011340040726483695,0.011878649474386752,0.4639175258844446,0.7715570318803578,0.7304123711734807,0.8090004642127497
split42_train0,Translation,6,0.703748238722757,0.7043974904912651,0.010810365356407186,0.009397521080707547,0.4639175258844446,0.7997485531727744,0.7304123711734807,0.8209145046603287
split42_train0,Translation,7,0.7028321622249445,0.7141464624473101,0.010742465235338903,0.007923227341600905,0.4639175258844446,0.8034366583995302,0.7304123711734807,0.8135620934423227
split42_train0,Translation,8,0.6953985417351579,0.715399250642362,0.010106127387091877,0.006997992552266232,0.4639175258844446,0.7614237413757118,0.7304123711734807,0.8258405285069945
split42_train0,Translation,9,0.6781963928733488,0.7183097239376305,0.00972657465091389,0.00650977852999022,0.4639175258844446,0.7023306247859571,0.7304123711734807,0.8161250496495126
split42_train0,Translation,10,0.6866882601482753,0.7207817735741086,0.009021047318312091,0.006099240443614875,0.4639175258844446,0.7129137063972338,0.7304123711734807,0.8395094371379423
split42_train0,Translation,11,0.6966571904405745,0.7122838151750646,0.009154556181323485,0.005737705524827279,0.4639175258844446,0.7514206182442607,0.7304123711734807,0.8408782464601122
split42_train0,Translation,12,0.6839182740474224,0.7062892544000137,0.0095870877403398,0.00540828349044968,0.4639175258844446,0.7189660385577616,0.7297491540625513,0.8230403776849324
split42_train0,Translation,13,0.6763534668483883,0.708858829986021,0.010302813985767543,0.005237496453192914,0.4639175258844446,0.6627804685383406,0.7350811133446056,0.8436347596261621
split42_train0,Translation,14,0.7354948482838103,0.7386808786953808,0.008190227372137305,0.0049385042876399455,0.4639175258844446,0.8125417478559085,0.8207976427674808,0.8447224766274073
split42_train0,Translation,15,0.7586805223194563,0.7895719036877709,0.00840879235881773,0.004750583299952321,0.4659672265753846,0.9455485190632302,0.782613771747406,0.8405925718918043
split42_train0,Translation,16,0.8101388742290498,0.8185675950880347,0.007772178504708962,0.0045818445217510155,0.6072942424964494,0.9388568878020682,0.8460787195764633,0.8483256470412186
split42_train0,Translation,17,0.8338072214464631,0.8606224252597963,0.008657087848405354,0.003934988295183565,0.6753686565052699,0.9475760603847453,0.8545979749252074,0.8576861939706302
split42_train0,Translation,18,0.8338644408182622,0.8688022842608494,0.009070426842149927,0.004194238386754232,0.6957514946834034,0.9354230116691329,0.8518820417853713,0.8524012151351413
split42_train0,Translation,19,0.8372141083831093,0.8828428430804669,0.007968110761382673,0.0037437247523670865,0.725780669006469,0.9392192571343857,0.8242468215431317,0.8596096858484505
split42_train0,Translation,20,0.8435919391531659,0.8865767756479328,0.008172450972180344,0.003609771987408005,0.7240463063888307,0.9496716863758478,0.8371178350219693,0.8635319288260158
split42_train0,Translation,21,0.8392053256626631,0.8930968540853308,0.009490915639901466,0.0034282306634080017,0.7294574904659921,0.9320585404911222,0.842169670817608,0.8531356008759304
split42_train0,Translation,22,0.8323823708762461,0.89468717020389,0.00776781351852364,0.003418047392437486,0.7130925989614022,0.9410864828725882,0.8208938095355667,0.8544565921354278
split42_train0,Translation,23,0.8454215862078036,0.9017623795757638,0.00835320579514809,0.003187489878054008,0.7142478889309988,0.9484720804925354,0.8547180939738139,0.8642482814338663
split42_train0,Translation,24,0.8569300823497766,0.9078306286246489,0.007729143654236725,0.0031088931237034717,0.7400487327540428,0.9555176514655787,0.8717307623792077,0.8604231828002775
split42_train0,Translation,25,0.8501594622884683,0.9129629523577385,0.008142662972099764,0.002982563404349379,0.7258513720317985,0.9326733404882148,0.8901235821627392,0.8519895544711208
split42_train0,Scaling,1,0.5855670104361802,0.41007781204572835,0.10640485587801952,0.5325522125093606,0.4639175258844446,0.7164948455799469,0.6670103094263604,0.4948453608539689
split42_train0,Scaling,2,0.6251134282850155,0.6011288826969724,0.037265379840331805,0.06208411441558469,0.4639175258844446,0.8112784552281674,0.7304123711734807,0.4948453608539689
split42_train0,Scaling,3,0.650892654255146,0.6436427453888296,0.019121107308063733,0.02706431283132873,0.4639175258844446,0.9200597977060224,0.72474226813738,0.4948510252927369
split42_train0,Scaling,4,0.7070781053138708,0.672289820415289,0.014980031068172351,0.016569908250150454,0.4639175258844446,0.8992470927887956,0.7304123711734807,0.7347354314087625
split42_train0,Scaling,5,0.7304286381216522,0.7261650493906494,0.011859355267298258,0.011430693708400982,0.4639175258844446,0.9311480912858218,0.7304123711734807,0.7962365641428614
split42_train0,Scaling,6,0.68287971846541,0.723405352709348,0.010565950839211129,0.009063646332598733,0.4639175258844446,0.7197885499064322,0.7304123711734807,0.8174004268972824
split42_train0,Scaling,7,0.6770905787348644,0.7154800297443408,0.010689163603053387,0.007949833550157338,0.4639175258844446,0.6974536994525112,0.7304123711734807,0.8165787184290213
split42_train0,Scaling,8,0.6907700416010174,0.7082601885040964,0.010109438913382797,0.0068644388891539,0.4639175258844446,0.7323458892586125,0.7305671197932437,0.8362496314677685
split42_train0,Scaling,9,0.6865459373861831,0.704021609775611,0.011413344337773574,0.006546102224230549,0.4639175258844446,0.7527063704925985,0.7398063503329112,0.7897535028347782
split42_train0,Scaling,10,0.7771534188923634,0.7302446026064386,0.008942587681281393,0.006120184284675676,0.4639175258844446,0.9242576676714519,0.8838709184890174,0.8365675635245394
split42_train0,Scaling,11,0.7781307089335405,0.8017141383154137,0.00805180109521123,0.005401652063375652,0.4639175258844446,0.9445136217239373,0.8660098985076499,0.8380817896181304
split42_train0,Scaling,12,0.7730864730014887,0.809376494971474,0.008265279254714628,0.004970213874939142,0.4639175258844446,0.9425053669585026,0.8799433864059694,0.8059796127570382
split42_train0,Scaling,13,0.7777314338145155,0.8108707550855607,0.010555361741660316,0.004856778297617515,0.4639175258844446,0.9253901381654774,0.8863428594952532,0.8352752117128869
split42_train0,Scaling,14,0.7904514911113829,0.8127731667016549,0.0072903073812718025,0.0046843239504769174,0.4639175258844446,0.9532925494088866,0.8846039424059299,0.8599919467462708
split42_train0,Scaling,15,0.7846372936727821,0.8155518840470548,0.008821102312237596,0.004526389220450754,0.4642086332889137,0.9412947622472922,0.8813666942387317,0.8516790849161907
split42_train0,Scaling,16,0.8284910648391524,0.8304866379215384,0.007952550791809766,0.0041502559595795714,0.6291713672315202,0.9365379386636441,0.8930033545228369,0.8552515989386082
split42_train0,Scaling,17,0.8500217104825765,0.8779326063085757,0.007568753548297042,0.004053211694899403,0.6977067831912172,0.9525089732237686,0.8922360847222951,0.8576350007930249
split42_train0,Scaling,18,0.8429768869661284,0.8893994913942574,0.009673476610993553,0.003816739666971623,0.707056843509934,0.922008849571112,0.8898696705090814,0.8529721842743857
split42_train0,Scaling,19,0.8460334519250317,0.89516496588536,0.008527532605070885,0.003704719575305544,0.7014988327324394,0.9306353053578849,0.8963008711001732,0.8556987985096293
split42_train0,Scaling,20,0.8406825974640608,0.9005295070602104,0.008295945002615037,0.0035738532365993153,0.6720143009515525,0.9443380713493993,0.8871283176366884,0.8592496999186034
split42_train0,Scaling,21,0.8555464383872139,0.9023559827143759,0.00810746337882484,0.003453480290634775,0.7199688960894195,0.9519696178126045,0.892363357144266,0.8578838825025658
split42_train0,Scaling,22,0.8461132902934554,0.9023151037994845,0.007614646861344945,0.003585598598779043,0.7077694117737958,0.9465032103358211,0.8691454830437271,0.8610350560204771
split42_train0,Scaling,23,0.8580257940347895,0.9062581721408253,0.008056690573348645,0.0034765678732171586,0.7302585678845308,0.9395241261859598,0.9056659268477069,0.8566545552209608
split42_train0,Scaling,24,0.8497113521659148,0.9108499555524322,0.007996995378075572,0.0032728897572289403,0.7053238250679641,0.9468405831728685,0.8886835401149821,0.8579974603078445
split42_train0,Scaling,25,0.8365947938583264,0.9110199165632537,0.007292862427140356,0.0033551578072195426,0.6991011263265811,0.9465648850216115,0.843261146691654,0.857452017393459
split42_train0,Noise,1,0.5550257733002091,0.45553690271955094,0.1082285214292169,0.5340961445639604,0.4639175258844446,0.6453608248453342,0.6159793816170884,0.4948453608539689
split42_train0,Noise,2,0.6396352569076589,0.6091215057577344,0.034952468158286294,0.06188008606868939,0.4639175258844446,0.8693657697187414,0.7304123711734807,0.4948453608539689
split42_train0,Noise,3,0.6497554448733891,0.6395584704037205,0.020413773410298205,0.027547329855933243,0.4639175258844446,0.9098465215816625,0.7304123711734807,0.4948453608539689
split42_train0,Noise,4,0.6454065439760195,0.6460165906472359,0.01649573937713824,0.017908221531496214,0.4639175258844446,0.9134409127932788,0.7094223763723861,0.4948453608539689
split42_train0,Noise,5,0.6880350899424718,0.6501116429729384,0.01384989559217337,0.013514564913038138,0.4639175258844446,0.9171586214929813,0.7304123711734807,0.6406518412189803
split42_train0,Noise,6,0.6897873813868349,0.696172994731977,0.011680972478553698,0.010732094479561614,0.4639175258844446,0.9050247125026658,0.7304123711734807,0.6597949159867482
split42_train0,Noise,7,0.650477679936144,0.699383817611642,0.012645377093397173,0.008694044901329996,0.4639175258844446,0.6978403197552904,0.730502393214901,0.7096504808899401
split42_train0,Noise,8,0.6678558040410412,0.6858065893641724,0.012277785306815595,0.007611322268184248,0.4639175258844446,0.6637821210630535,0.7279073119491937,0.8158162572674731
split42_train0,Noise,9,0.6459552388470218,0.691462234545201,0.010371449714863803,0.007047597360865206,0.4639175258844446,0.6199152686007415,0.6995493468597302,0.8004388140431707
split42_train0,Noise,10,0.7138958776046442,0.7173885780066003,0.011819300908940737,0.006347158180896438,0.4639175258844446,0.7245709187437348,0.844727325275097,0.8223677405153007
split42_train0,Noise,11,0.7732396077222751,0.7793307521431122,0.009472412206213384,0.005943158503968513,0.4639175258844446,0.93136841777623,0.8802516806809266,0.8174208065474987
split42_train0,Noise,12,0.7731774402957323,0.8102281097019539,0.009487345353235517,0.005428968445843181,0.4639175258844446,0.9296562553772889,0.8770335176655633,0.8221024622556324
split42_train0,Noise,13,0.7742461098760299,0.8140818474889988,0.011305885794176098,0.005090366877414911,0.4639175258844446,0.9179286750516017,0.8848685666913475,0.8302696718767256
split42_train0,Noise,14,0.7772825718423139,0.8153839343710931,0.009260835261530877,0.00499964168356446,0.4639175258844446,0.9369304923559322,0.8804784456177113,0.8278038235111677
split42_train0,Noise,15,0.7757027173127803,0.8154660743724739,0.009063910095283663,0.0046988382246379275,0.4711535491863786,0.9238461453107757,0.8781712864743471,0.82963988827962
split42_train0,Noise,16,0.8067595752232792,0.828562707083907,0.009688882501399753,0.004588732739207743,0.5825230321117458,0.9305070809840135,0.8859241832602653,0.8280840045370922
split42_train0,Noise,17,0.8243920017728764,0.8740838724065152,0.009745440698208296,0.004032317376066761,0.6523138095714788,0.9280559783476726,0.9016156920175811,0.8155825271547733
split42_train0,Noise,18,0.8266114749723867,0.8825400865182234,0.011492540510733928,0.004211894427698078,0.6743504456869119,0.9183385491670573,0.8837888575887959,0.8299680474467819
split42_train0,Noise,19,0.834092919472244,0.8912923482131941,0.009728616958357637,0.0038539198670794602,0.6926997848351382,0.9194019443176569,0.8855412015765469,0.8387287471596336
split42_train0,Noise,20,0.8407008334845948,0.9003557258753908,0.010646715858860666,0.003598781892805476,0.7029147349266341,0.9272169548788979,0.891350146974491,0.841321497158356
split42_train0,Noise,21,0.8365598217855883,0.9025601727640707,0.010635004865101787,0.0035852578545097994,0.6958850789085093,0.9212890680532304,0.8966388650770815,0.8324262751035323
split42_train0,Noise,22,0.8364614580107916,0.9068635288757356,0.009744741578987984,0.003364305216972002,0.7027348141955322,0.9365894620683526,0.8790050474178572,0.8275165083614244
split42_train0,Noise,23,0.8421987987088435,0.907749754034667,0.01026120286293876,0.0034652849279911712,0.6965597509597614,0.9376595880987215,0.8949770629086693,0.8395987928682219
split42_train0,Noise,24,0.8425137429927199,0.9097905425518259,0.010257487251782337,0.0033203130668448965,0.7037155189712083,0.9355309030811608,0.89209719728766,0.8387113526308505
split42_train0,Noise,25,0.8361374078788781,0.9141890537837851,0.009924424343040644,0.0032120465535082493,0.6977302942838254,0.9270042565218868,0.8889064722528788,0.8309086084569214
split42_train0,Combination,1,0.5067010311599911,0.4553716986518,0.10945806462210392,0.5358128922264072,0.4639175258844446,0.5458762888941443,0.5221649490074063,0.4948453608539689
split42_train0,Combination,2,0.6376180509429581,0.609798475149769,0.03570052746821333,0.06315070113887752,0.4639175258844446,0.8612969458599379,0.7304123711734807,0.4948453608539689
split42_train0,Combination,3,0.6450774860241129,0.6396164441566163,0.021606478221147273,0.0288152805753868,0.4639175258844446,0.8911346861845574,0.7304123711734807,0.4948453608539689
split42_train0,Combination,4,0.6387302167062316,0.6442412452675768,0.016906808513703415,0.01908509448972823,0.4639175258844446,0.9301117943689468,0.6660461857175667,0.4948453608539689
split42_train0,Combination,5,0.6922194095235769,0.6586916428889665,0.012692489478748613,0.01432625045863925,0.4639175258844446,0.9286873588103358,0.7304123711734807,0.6458603822260464
split42_train0,Combination,6,0.7028452530659322,0.6991749457290166,0.010953259371449106,0.011848789601022527,0.4639175258844446,0.9329832529893058,0.7304123711734807,0.6840678622164975
split42_train0,Combination,7,0.7127410557564726,0.710331170340659,0.010260544150565662,0.009881424899790844,0.4639175258844446,0.9377007593240968,0.7304123711734807,0.7189335666438684
split42_train0,Combination,8,0.707480393982973,0.7219250793528345,0.009684623857919863,0.008582603323857987,0.4639175258844446,0.8823997416926288,0.7304123711734807,0.7531919371813381
split42_train0,Combination,9,0.6530507469489222,0.6946252550800601,0.009533654786660739,0.007881139880760037,0.4639175258844446,0.6151783565850829,0.7114874361215854,0.8216196692045759
split42_train0,Combination,10,0.6936153742718533,0.691452825204109,0.009264902796676773,0.0073405414389745485,0.4639175258844446,0.671794585723844,0.8081185686600257,0.8306308168190988
split42_train0,Combination,11,0.7697517085824509,0.7494079178500249,0.010055826404220577,0.006805933939707703,0.4639175258844446,0.9090519003513341,0.8781602779101197,0.8278771301839049
split42_train0,Combination,12,0.7585877472466862,0.7807847393309095,0.007984643538136115,0.006080825441350386,0.4639175258844446,0.8723320955164021,0.8771219715194287,0.8209793960664693
split42_train0,Combination,13,0.7701667703437955,0.7823494574440064,0.008895919403360573,0.005905161021671591,0.4644359161411349,0.8978174245561001,0.8842865638282547,0.8341271768496928
split42_train0,Combination,14,0.7676723606212742,0.7900313096602531,0.007937028069181345,0.005812265704654456,0.47202616319542845,0.8878481389837729,0.8800342923102871,0.8307808479956084
split42_train0,Combination,15,0.8081662534559997,0.8059424065550648,0.008553090594889052,0.005423554385176105,0.5977032692662477,0.9096400543742086,0.8937133763397905,0.8316083138437519
split42_train0,Combination,16,0.828712748919819,0.8277419926968528,0.006762081277124352,0.005439697114162718,0.6489843054996333,0.9177747934409772,0.899620488960477,0.8484714077781886
split42_train0,Combination,17,0.8400327269869543,0.839326016847938,0.007185045612373278,0.005204054569132137,0.6604357094033564,0.9399924129940953,0.9057583941684888,0.8539443913818764
split42_train0,Combination,18,0.840134467220793,0.8565073332305438,0.008379160496045453,0.00493875369595289,0.6887738000678422,0.9175990440179564,0.9006961208115002,0.8534689039858732
split42_train0,Combination,19,0.8460733212773088,0.8654784383400826,0.0075339871926211974,0.004797842410897809,0.7041259483211555,0.9232785848258386,0.9076043054197482,0.8492844465424929
split42_train0,Combination,20,0.8543655506579955,0.8749568542338442,0.00882460793317152,0.004420327716659972,0.7264488690581775,0.9319189474906481,0.9040057396544678,0.8550886464286888
split42_train0,Combination,21,0.8556064354149266,0.8765020758406359,0.007379440039521834,0.004677474793865869,0.7178689666149078,0.9438841848559203,0.901173604112759,0.8594989860761191
split42_train0,Combination,22,0.8495878698826372,0.8826565354245911,0.007803954885047434,0.00428265604463722,0.715176558864714,0.9382626675155594,0.8951913275366576,0.8497209256136177
split42_train0,Combination,23,0.8492594531036824,0.8848329165686152,0.007750587662489229,0.0043776371103310344,0.7079489911913998,0.9388946346112361,0.900479393028775,0.8497147935833188
split42_train0,Combination,24,0.8545936987642968,0.8890250394297963,0.008002459169311719,0.004205772090647166,0.7172908910320636,0.9441322743394025,0.9098075289037517,0.8471441007819694
split42_train0,Combination,25,0.8543198195733577,0.8913424334688242,0.007046647746916398,0.003989546418225692,0.7169051795503713,0.9506257652365738,0.8993027089222468,0.8504456245842384
split42_train0,Combination no noise,1,0.5820876289554016,0.4330479383732683,0.10681823432568169,0.5346041994373294,0.4639175258844446,0.7092783506045187,0.660309278478674,0.4948453608539689
split42_train0,Combination no noise,2,0.613664963293242,0.5925978699167034,0.036148318024390516,0.06310862111893013,0.4639175258844446,0.7654845952610738,0.7304123711734807,0.4948453608539689
split42_train0,Combination no noise,3,0.6317654733981232,0.6141361384477779,0.02058246919747304,0.028267391563060074,0.4639175258844446,0.8685132062142694,0.7015594417771477,0.49307171971663094
split42_train0,Combination no noise,4,0.6928310268513116,0.6563441633726261,0.01576637634394284,0.017683371385545845,0.4639175258844446,0.8848911646328295,0.7304123711734807,0.6921030457144917
split42_train0,Combination no noise,5,0.7091038095953636,0.6963671226513769,0.012287506940027263,0.012702184015490713,0.4639175258844446,0.9252259930222324,0.7304123711734807,0.7168593483012965
split42_train0,Combination no noise,6,0.7169569190451952,0.7251566717031519,0.011668579924301677,0.009983411170270321,0.4639175258844446,0.9255470810350983,0.7304123711734807,0.7479506980877575
split42_train0,Combination no noise,7,0.7262646324036719,0.7346485010576217,0.011363860813051907,0.008356025151527712,0.4639175258844446,0.93396030822087,0.7304123711734807,0.7767683243358919
split42_train0,Combination no noise,8,0.7188240685525252,0.7328261443229207,0.0090243507185261,0.007742535327663169,0.4639175258844446,0.8508475978985203,0.7304123711734807,0.8301187792536556
split42_train0,Combination no noise,9,0.6633558517874762,0.7088972240993604,0.00980408761639305,0.006994544259904727,0.4639175258844446,0.676055707833109,0.7296977284555324,0.7837524449768187
split42_train0,Combination no noise,10,0.7014683791635246,0.7042071382600767,0.009294207685676388,0.006709638280270581,0.4639175258844446,0.6744829643102128,0.8172262908203741,0.8502467356390667
split42_train0,Combination no noise,11,0.7792756353883025,0.7727093125171861,0.007883019033084535,0.0059968242761645005,0.4639175258844446,0.9264530626072565,0.8817053438933395,0.8450266091681695
split42_train0,Combination no noise,12,0.7821743606302173,0.8036889683955128,0.00828207726491526,0.005750866467303114,0.4639175258844446,0.9256818826164134,0.891655630228808,0.8474424037912032
split42_train0,Combination no noise,13,0.7789196076884712,0.8066172517205024,0.009864877363635272,0.005229858486627629,0.4639175258844446,0.9181442363966762,0.8925364169494113,0.8410802515233526
split42_train0,Combination no noise,14,0.7710282591197416,0.808750208373608,0.007590780503646166,0.005005191909540172,0.4663606280719078,0.8926053288920361,0.8955688576309235,0.8295782218840989
split42_train0,Combination no noise,15,0.7847619804863258,0.8128233704296709,0.007550466198707958,0.004661049859268577,0.4733617807241717,0.9429828552478284,0.8782334255442756,0.8444698604290278
split42_train0,Combination no noise,16,0.8338292544672219,0.8248127914260135,0.007671760249874673,0.0048888447583163575,0.6406344316707121,0.9483505764237837,0.8995757724064339,0.8467562373679577
split42_train0,Combination no noise,17,0.8458515494578662,0.8522291156628707,0.007966813303653219,0.004712481718989647,0.6703147148819174,0.9407873441428226,0.9155071610722914,0.8567969777344338
split42_train0,Combination no noise,18,0.8559969571691252,0.87569711497075,0.008671163670457154,0.004327256089657627,0.7340953418545582,0.9374834222904141,0.9013095158773741,0.8510995486541542
split42_train0,Combination no noise,19,0.8577673361355465,0.8840129254635292,0.007832218947666583,0.004098477136525563,0.7386338768034655,0.9293426682704473,0.9151279106009464,0.8479648888673266
split42_train0,Combination no noise,20,0.8616793487341335,0.8918976747955478,0.00823862240809801,0.0037768338320022243,0.732564914788836,0.9452786731891939,0.9097906969656733,0.8590831099928308
split42_train0,Combination no noise,21,0.8585818582867745,0.8932168627935597,0.00766662701940215,0.0038340847504182455,0.7225899975730786,0.9525835379954692,0.9033139875196236,0.8558399100589263
split42_train0,Combination no noise,22,0.862349079093463,0.892922446035251,0.007526753187392634,0.003966899589001521,0.7457262129871095,0.9437600929625726,0.8949201634504796,0.8649898469736903
split42_train0,Combination no noise,23,0.8686479989273277,0.8983644539405425,0.007454092766425457,0.0037321887973247327,0.7469799694263889,0.9465562872782153,0.9096344414646863,0.8714212975400206
split42_train0,Combination no noise,24,0.8726411546498098,0.9014541867137401,0.006535541128494949,0.0035914753508043684,0.7545647837147377,0.9544343472936914,0.9035722924979107,0.8779931950928999
split42_train0,Combination no noise,25,0.856005571219973,0.9059687069484567,0.006763660288281409,0.003409205728132332,0.726840938729131,0.9458066874742207,0.8833724000681089,0.8680022586084313
split43_train1,Baseline,1,0.6136239783150224,0.4434475183118739,0.08145397507950015,0.38387538946749317,0.4806539510700842,0.7972752043608868,0.7329700272820162,0.44359673054710225
split43_train1,Baseline,2,0.6202997276194339,0.6104297225772082,0.03848122699672113,0.049737332559301274,0.4806539510700842,0.7972752043608868,0.7329700272820162,0.47029972776474815
split43_train1,Baseline,3,0.6257493188563795,0.6177708147361967,0.03055823077245251,0.03077219825741623,0.4806539510700842,0.7972752043608868,0.7329700272820162,0.49209809271253074
split43_train1,Baseline,4,0.6267029973209575,0.6184422560912783,0.026551424526690466,0.025429499802580677,0.4806539510700842,0.7972752043608868,0.7329700272820162,0.4959128065708428
split43_train1,Baseline,5,0.6786859296694501,0.6288950331748383,0.023929229021355834,0.02169351955943705,0.4806539510700842,0.7972752043608868,0.7329700272820162,0.7038445359648132
split43_train1,Baseline,6,0.6539031619811291,0.6726975227853407,0.02069654378928649,0.013969341077300879,0.4806539510700842,0.7507337801541678,0.7329700272820162,0.651254889418248
split43_train1,Baseline,7,0.7384738024942552,0.7189902572301816,0.013534593276183485,0.009181691795149192,0.4806539510700842,0.9286966414407136,0.7329700272820162,0.8115745901842066
split43_train1,Baseline,8,0.7006444494660851,0.7375475660827312,0.015584641817005595,0.007239271900969663,0.48067929800597503,0.8463738508994019,0.7329700272820162,0.7425546216769467
split43_train1,Baseline,9,0.7046370847311114,0.7273773217349764,0.012616354762196906,0.006284221399406262,0.4954130547567507,0.849740156886723,0.7329700272820162,0.7404250999989558
split43_train1,Baseline,10,0.7514673929810829,0.7362055473632109,0.013856512911772133,0.005907535917713215,0.5594332942693907,0.9117110091679688,0.7266235624367929,0.8081017060501791
split43_train1,Baseline,11,0.7825135182761904,0.786353244996268,0.012896291376566059,0.005329899446327954,0.6221999803009342,0.9440713239144278,0.7954478061939056,0.7683349626954942
split43_train1,Baseline,12,0.7923452167748737,0.8232622948442505,0.013405330665014132,0.004698531131242776,0.6297334336442081,0.9302898862524722,0.8162876927669476,0.7930698544358671
split43_train1,Baseline,13,0.7234784226170453,0.8406277594116507,0.020134923599455404,0.004544132749366179,0.6007172479309668,0.7779992293985555,0.7864893889610439,0.7287078241776149
split43_train1,Baseline,14,0.8097074743609676,0.8517475555141357,0.01022545970443626,0.004386242307127668,0.689356287997052,0.9458019832060917,0.8005457922464086,0.803125833994318
split43_train1,Baseline,15,0.8072415603827341,0.8647977876686107,0.011156754464552606,0.003982477078075389,0.6710912959570471,0.9429689370016968,0.7865819996152947,0.828324008956898
split43_train1,Baseline,16,0.8310881899872702,0.8714055175281009,0.011732804350227208,0.004024048077205039,0.7026004696992483,0.946598399244293,0.8241073738648528,0.8510465171406871
split43_train1,Baseline,17,0.8087964750936265,0.8832709538893757,0.014750735799735475,0.0036530810262483593,0.6425171754964863,0.9401008374281826,0.8295109485579981,0.8230569388918393
split43_train1,Baseline,18,0.8177521209267291,0.8837590788413041,0.018374277207749402,0.0036595674477802732,0.6590747650682018,0.9384449350203036,0.8525866001024804,0.8209021835159309
split43_train1,Baseline,19,0.8341870122587094,0.895580856434686,0.01610753036866299,0.003351862649711446,0.6917316709770315,0.9438509881793289,0.8478261226992185,0.8533392671792582
split43_train1,Baseline,20,0.8303048026812346,0.897454896143281,0.021214574408777085,0.003177987546520108,0.7001314165666516,0.9322685675176353,0.8589871452045116,0.8298320814361402
split43_train1,Baseline,21,0.8415074876435427,0.9047962459826685,0.013782593051884917,0.003023721249322968,0.7123525491790526,0.9245667064516415,0.8854227228974405,0.843687972046036
split43_train1,Baseline,22,0.8346338817462542,0.899910360187235,0.011035147207681091,0.0033533007099660573,0.6978749459044074,0.9256994688897322,0.8637331873357709,0.8512279248551065
split43_train1,Baseline,23,0.848432332561028,0.9091508548761514,0.019849025571373045,0.002942633165207456,0.7078626248356973,0.9410779208363206,0.8848652279340395,0.8599235566380546
split43_train1,Baseline,24,0.8275227487745358,0.9146771125272416,0.017793805507944457,0.002838822230118765,0.675876563029268,0.9384643912617886,0.8718478862593853,0.8239021545477012
split43_train1,Baseline,25,0.8292819461736621,0.9055340367200919,0.01724224378934235,0.0031104889431104294,0.6858256744007957,0.9424876817771148,0.8945541020324207,0.7942603264843173
split43_train1,Rotation,1,0.6091280654727744,0.44238300074420467,0.08188152787802012,0.3874744679858756,0.4806539510700842,0.7972752043608868,0.7329700272820162,0.42561307917811075
split43_train1,Rotation,2,0.612534060105473,0.6136526410896223,0.039676100878125946,0.05224002343875613,0.4806539510700842,0.7972752043608868,0.7329700272820162,0.4392370577089048
split43_train1,Rotation,3,0.6267029973209575,0.6184422560908277,0.028980825740196135,0.03214127786766647,0.4806539510700842,0.7972752043608868,0.7329700272820162,0.4959128065708428
split43_train1,Rotation,4,0.6905518362319661,0.6401095763129054,0.023607239680891127,0.0244981107170106,0.4806539510700842,0.7972752043608868,0.7329700272820162,0.7513081622148773
split43_train1,Rotation,5,0.6579995161115335,0.6749750404546051,0.017954006647367193,0.01861253198674575,0.4806539510700842,0.69140133250222,0.7329700272820162,0.7269727535918136
split43_train1,Rotation,6,0.7321124259169968,0.6994588185744713,0.016034885811994016,0.011481519514036621,0.4806539510700842,0.9308673945457022,0.7329700272820162,0.7839583307701843
split43_train1,Rotation,7,0.74740360128211,0.7292551674900537,0.013700977120796503,0.008684886519521347,0.4806539510700842,0.936803401884567,0.7329700272820162,0.8391870248917725
split43_train1,Rotation,8,0.742743302729425,0.7487207334282043,0.015097677356528078,0.007175449798721687,0.4818205350557168,0.938449339692915,0.7329700272820162,0.8177333088870522
split43_train1,Rotation,9,0.7523414536020003,0.7482693548871899,0.010090844345066453,0.006784507777533215,0.4814504101491367,0.9463698844443011,0.7329700272820162,0.8485754925325473
split43_train1,Rotation,10,0.760830802345777,0.7608318956454787,0.01192805453155534,0.006029793193886251,0.5609481674250931,0.9110253123110426,0.7329700272820162,0.8383797023649561
split43_train1,Rotation,11,0.8104193572745676,0.7839976121341669,0.010916998630842579,0.005556390063923108,0.6390344778372606,0.9404882491269981,0.7968916213033777,0.8652630808306337
split43_train1,Rotation,12,0.822263989473975,0.8190835545984951,0.013508292151701703,0.0051475686983948835,0.6575078931514676,0.9450127792039209,0.8306115534337413,0.8559237321067704
split43_train1,Rotation,13,0.792393476773958,0.8405044865786377,0.014727225471363889,0.004896054875511324,0.5979335085341299,0.9103177462570217,0.8007389373385854,0.8605837149660952
split43_train1,Rotation,14,0.8511033012948893,0.8619284748172629,0.010590213732069495,0.004683785466194148,0.7038368276289895,0.9532946195556056,0.8918505144575836,0.8554312435373785
split43_train1,Rotation,15,0.8504396743430915,0.8800965243796213,0.013802522368907534,0.004241677953384334,0.7012181980501401,0.9374985779709478,0.9061810606592695,0.8568608606920086
split43_train1,Rotation,16,0.8665088785337313,0.8872498349425799,0.009004435049135518,0.004110290731484262,0.7287499055501018,0.9518808589518599,0.9060020163338188,0.8794027332991448
split43_train1,Rotation,17,0.8670624410254911,0.8926824897741843,0.010109524250607215,0.003837802888599367,0.7270718744801116,0.948271848677636,0.904897392214407,0.8880086487298099
split43_train1,Rotation,18,0.865526287793253,0.8910908099066974,0.013147992130776085,0.003916947059006895,0.7329123248748279,0.9383102411006319,0.9125533894280733,0.8783291957694788
split43_train1,Rotation,19,0.8713237991314403,0.9005100194703732,0.012260352217392368,0.003670540609226618,0.7406720695592887,0.9485755057566254,0.9147089090600072,0.8813387121498398
split43_train1,Rotation,20,0.8591139037924604,0.9027435258661457,0.013511813257121938,0.00351846346199294,0.6992629362890703,0.9461576885779309,0.9108333048320036,0.8802016854708372
split43_train1,Rotation,21,0.8671334185535453,0.9055087330339315,0.011490406714220507,0.003458364355004458,0.7266234158734534,0.948431521418361,0.9204430496394718,0.8730356872828955
split43_train1,Rotation,22,0.8620448771175085,0.9096545841228592,0.011596065093544893,0.003346223523644617,0.7190151608056651,0.9410982881316678,0.920855231001758,0.8672108285309431
split43_train1,Rotation,23,0.865981597744951,0.9086415557836924,0.012247999009824801,0.003414585273729112,0.7186211654012407,0.949809926836897,0.9108040461631679,0.8846912525784986
split43_train1,Rotation,24,0.8678385400882576,0.911530603486816,0.009555153601444466,0.003360246466595156,0.7278242561600473,0.9427582604982206,0.9208762561325188,0.8798953875622436
split43_train1,Rotation,25,0.8750745854915306,0.9114772886058002,0.012961416191325518,0.003317763413312926,0.7407442549754994,0.9528490054854063,0.9226564318037046,0.8840486497015122
split43_train1,Translation,1,0.6209809264896416,0.44063656325306716,0.08247872893900975,0.38854440892160536,0.4806539510700842,0.7972752043608868,0.7329700272820162,0.47302452324557925
split43_train1,Translation,2,0.6267029973209575,0.61360797902785,0.03854582672128859,0.05202542889852594,0.4806539510700842,0.7972752043608868,0.7329700272820162,0.4959128065708428
split43_train1,Translation,3,0.6262942779789956,0.617502238192056,0.029891352444563223,0.0312360305211191,0.4806539510700842,0.7972752043608868,0.7329700272820162,0.4942779292029954
split43_train1,Translation,4,0.6863451336024053,0.6465533936334195,0.022111202692410546,0.023775038204804724,0.4806539510700786,0.7972752043608868,0.7329700272820162,0.73448135169664
split43_train1,Translation,5,0.6584359935167555,0.6835127173814907,0.020662944321014474,0.01815679035241448,0.4806539510700842,0.7858310627832295,0.7329700272820162,0.6342889329316921
split43_train1,Translation,6,0.6297925554760968,0.6376953833628344,0.014015515633787879,0.01277683927272533,0.4779479471509046,0.686769896894454,0.7329700272820162,0.6214823505770128
split43_train1,Translation,7,0.7128263250076685,0.6716679760253216,0.01579337031011085,0.009147690054167792,0.49445893971555305,0.9204329613586177,0.7329700272820162,0.7034433716744871
split43_train1,Translation,8,0.7344202945797984,0.7206979685898377,0.011496867379300175,0.0076941710221281375,0.5070230149754504,0.9139656168640475,0.7329700272820162,0.7837225191976795
split43_train1,Translation,9,0.7553566790007912,0.7469454305233842,0.009675466895619732,0.0067312575825749866,0.5889337517443168,0.8623829320476357,0.7329700272820162,0.837140004929196
split43_train1,Translation,10,0.7455592286576522,0.761535241381374,0.010531615021160257,0.006020955058235744,0.6433730698337661,0.7663473760145794,0.7329700272820162,0.8395464415002475
split43_train1,Translation,11,0.7468777962074763,0.7595762485115931,0.012920913081198587,0.0055431094937771295,0.6933815593028693,0.7153672830330561,0.7329700272820162,0.8457923152119636
split43_train1,Translation,12,0.7283250318161167,0.7611776779884936,0.011504917108560102,0.004984909012042338,0.671944947476078,0.6819489394686592,0.7548800902008076,0.804526150118922
split43_train1,Translation,13,0.8249404090595093,0.8146477993202732,0.013081227295127895,0.004681848306536944,0.7041057983864835,0.9307423772855593,0.8110027950711485,0.8539106654948458
split43_train1,Translation,14,0.8393724207285803,0.851276226862383,0.009336643304113355,0.004631742618702224,0.7033015669765911,0.9337913538051222,0.8635609190872433,0.856835843045365
split43_train1,Translation,15,0.8318526200935912,0.8610291049233731,0.010904561228183056,0.004320946733986236,0.7126561825290001,0.9253240902308147,0.8329054661641918,0.8565247414503577
split43_train1,Translation,16,0.8430087078250459,0.8723477080822643,0.00920304079641621,0.004016897759629891,0.7083344375859737,0.9356985730326405,0.8758658326832012,0.852135987998368
split43_train1,Translation,17,0.8468143818128392,0.8824144767420348,0.011095950839207154,0.0038153313922698147,0.7302177297576691,0.9362540392229333,0.8758471244827246,0.8449386337880297
split43_train1,Translation,18,0.848861471615127,0.8769060493873218,0.015311930165337443,0.004160527857879872,0.7238738286114671,0.9381778378419616,0.8915212789222442,0.8418729410848352
split43_train1,Translation,19,0.8659369885868734,0.8936865064535071,0.01226337064271834,0.003574196451412046,0.7347239764717742,0.9480377351891165,0.8994512367118093,0.8815350059747935
split43_train1,Translation,20,0.8390962850938704,0.8958524789708802,0.014417990992296837,0.0035887700800340257,0.6594559118578041,0.9427378107526588,0.8958199340837528,0.8583714836812659
split43_train1,Translation,21,0.8300237522460727,0.9017436965552073,0.01312556412951934,0.003424009923594261,0.6845799943109143,0.9244075843040023,0.9021987893109487,0.8089086410584256
split43_train1,Translation,22,0.8603769002064976,0.9058247221357077,0.012092976257449466,0.0031888475363893577,0.7139443345014777,0.9470095635747615,0.9015158121906388,0.8790378905591121
split43_train1,Translation,23,0.8607579659751432,0.8960070611287403,0.01033939212159606,0.003739800879308166,0.7330546107676781,0.9392842606721077,0.9000825439333966,0.8706104485273904
split43_train1,Translation,24,0.8510096034338719,0.9089314461657791,0.010902200754253499,0.003259807651568882,0.7053083156338513,0.9412278357096692,0.8999239038758052,0.8575783585161617
split43_train1,Translation,25,0.8595178343857226,0.9118677130330963,0.011948760788231006,0.0031162657614185133,0.7251217477075838,0.9389526470412265,0.9047915570790553,0.8692053857150247
split43_train1,Scaling,1,0.6267029973209575,0.4446591331993477,0.08521702417536922,0.3871719962217777,0.4806539510700842,0.7972752043608868,0.7329700272820162,0.4959128065708428
split43_train1,Scaling,2,0.6267029973209575,0.6183974933347446,0.03921931877975231,0.05026739135714986,0.4806539510700842,0.7972752043608868,0.7329700272820162,0.4959128065708428
split43_train1,Scaling,3,0.6267029973209575,0.6184422560916248,0.029218020575606952,0.031089994879186324,0.4806539510700842,0.7972752043608868,0.7329700272820162,0.4959128065708428
split43_train1,Scaling,4,0.6267029973209575,0.6185317816055181,0.02584861411318264,0.02566061961799007,0.4806539510700842,0.7972752043608868,0.7329700272820162,0.4959128065708428
split43_train1,Scaling,5,0.6267029973209575,0.6185765443623663,0.022112739345807906,0.022092706665399354,0.4806539510700842,0.7972752043608868,0.7329700272820162,0.4959128065708428
split43_train1,Scaling,6,0.7173468183392593,0.6545457216196002,0.015647049417020754,0.015874562319534668,0.4806539510700842,0.9403947978251168,0.7329700272820162,0.7153684971798199
split43_train1,Scaling,7,0.7434696135155603,0.7247545342749645,0.010856601643836653,0.010085610228654621,0.4806539510700842,0.9449268296677312,0.7329700272820162,0.8153276460424095
split43_train1,Scaling,8,0.7387079543796786,0.7318193719194546,0.011680003831608464,0.007833174223817074,0.4806539510700842,0.9306161599188636,0.7329700272820162,0.8105916792477503
split43_train1,Scaling,9,0.7459189420708485,0.7443918833879509,0.00979539285744186,0.006989895529346874,0.4806539510700842,0.9427248449911387,0.7329700272820162,0.8273269449401547
split43_train1,Scaling,10,0.7414910771196886,0.7543865189390698,0.009623680976959726,0.0062881712190532395,0.4806539510700842,0.9476635258952705,0.7329700272820162,0.8046768042313838
split43_train1,Scaling,11,0.7350416314060968,0.7532369595432248,0.009656818566493357,0.005860604729103018,0.4806539510700842,0.9501280756419335,0.7329700272820162,0.7764144716303535
split43_train1,Scaling,12,0.7383517748094834,0.7546755833634314,0.012882691508686707,0.005665641055856758,0.47792915544605996,0.9370193463463493,0.7329700272820162,0.8054885701635085
split43_train1,Scaling,13,0.7391973879874175,0.7571192222281017,0.012422417208179704,0.0051638046994862625,0.4839099739982474,0.93446226139426,0.7329700272820162,0.8054472892751465
split43_train1,Scaling,14,0.7586637938460492,0.7783015368499641,0.00985223703306553,0.005239288229528596,0.5267635375334659,0.9524091622081048,0.7427337963793893,0.8127486792632368
split43_train1,Scaling,15,0.8067671095953113,0.8171205655371576,0.00964534999097257,0.004620095726584906,0.6442468841802734,0.9465257688774412,0.8005689755615326,0.835726809761998
split43_train1,Scaling,16,0.8066845737972255,0.8333791565045046,0.007787508670377935,0.004512952370078633,0.6291062524494957,0.9500913533727587,0.8225618535668587,0.8249788357997885
split43_train1,Scaling,17,0.8315593233134739,0.8553214981538324,0.01099463490720708,0.004298448438878746,0.6853345748120682,0.9483310644510247,0.8451568119463827,0.8474148420444203
split43_train1,Scaling,18,0.8236691539226179,0.8696135868366343,0.011051327077130618,0.004025767831914913,0.6796292606417808,0.9296240107438355,0.8287717282163672,0.8566516160884879
split43_train1,Scaling,19,0.8470005732554855,0.8783515972501477,0.010505431358986876,0.003835494057996497,0.7130078725095,0.9446272227369682,0.8914193064091898,0.8389478913662842
split43_train1,Scaling,20,0.8453611472975239,0.8838922585170182,0.009609641173851149,0.0037465804519619924,0.7059575249427161,0.9529141091925805,0.8556871838052402,0.8668857712495589
split43_train1,Scaling,21,0.8512468388330078,0.8913975132890409,0.00992988004703005,0.003557932431388577,0.7076060725563645,0.9525472788598793,0.887802751568648,0.8570312523471393
split43_train1,Scaling,22,0.8544325078362696,0.8977776403657473,0.012160100659528562,0.0034402998884022636,0.7068429349026327,0.9448481268394853,0.8949650082197713,0.8710739613831893
split43_train1,Scaling,23,0.8612278035560781,0.8977173136970149,0.011029547222168059,0.0036497301821893703,0.7384019040055892,0.952760554675608,0.8832250993322814,0.8705236562108334
split43_train1,Scaling,24,0.8611303889130487,0.909510846578921,0.008097963787100605,0.0032946409102418035,0.7308207489694338,0.9529590902024444,0.8931898043448511,0.8675519121354657
split43_train1,Scaling,25,0.8563274810860864,0.901910499825833,0.012076385375036372,0.003416866656807178,0.7091827878438034,0.9425751265916616,0.911855228422401,0.8616967814864792
split43_train1,Noise,1,0.5975476841371476,0.47287189639233884,0.08068680598036103,0.3841143146114629,0.47738419633163076,0.7972752043608868,0.7313351499141671,0.38419618594190574
split43_train1,Noise,2,0.6267029973209575,0.618128916792039,0.03805672162333908,0.05225908841527412,0.4806539510700842,0.7972752043608868,0.7329700272820162,0.4959128065708428
split43_train1,Noise,3,0.6267029973209575,0.6182632050635244,0.030078997313166444,0.03137342800427553,0.4806539510700842,0.7972752043608868,0.7329700272820162,0.4959128065708428
split43_train1,Noise,4,0.6267029973209575,0.6185765443620931,0.024942617020164818,0.025460721969535208,0.4806539510700842,0.7972752043608868,0.7329700272820162,0.4959128065708428
split43_train1,Noise,5,0.7012223569215967,0.6655006305407118,0.015090506244956961,0.015146369884957763,0.4806539510700842,0.884521145926441,0.7329700272820162,0.7067443034078453
split43_train1,Noise,6,0.7022838735872063,0.7058283743599048,0.014351484000824553,0.010350914094104127,0.4806539510700842,0.9054516639905259,0.7329700272820162,0.690059852006199
split43_train1,Noise,7,0.7258568873055615,0.7216191878890136,0.01382743334043366,0.00871355306721547,0.4806539510700842,0.9151077947633389,0.7329700272820162,0.7746957761068068
split43_train1,Noise,8,0.7355803792818347,0.7507124507163755,0.013247348185952591,0.007143664036048723,0.4806539510700842,0.9291794272085017,0.7329700272820162,0.7995181115667367
split43_train1,Noise,9,0.7348035357599918,0.7535002782826032,0.0128307871438902,0.0066152429506275935,0.4806539510700842,0.9228981397957781,0.7329700272820162,0.8026920248920887
split43_train1,Noise,10,0.7615670065838388,0.7658639677010975,0.01460920142891827,0.0058247420329930995,0.5671732953367881,0.9364002231843789,0.7388889484728443,0.803805559341344
split43_train1,Noise,11,0.8159747863137201,0.8293928656238001,0.013372690189324835,0.005365785497616449,0.652881425807451,0.9302000158466164,0.8846684918235067,0.7961492117773064
split43_train1,Noise,12,0.8337730021148313,0.8631016786564545,0.012882052587013712,0.004808607129166928,0.6702453426137696,0.9424528294033391,0.9024483125231709,0.8199455239190457
split43_train1,Noise,13,0.8354014008727282,0.8743764688397249,0.013457540366431677,0.004457611897025985,0.7003371159017222,0.9364597948443498,0.8859821662245302,0.8188265265203104
split43_train1,Noise,14,0.8408652491984072,0.8831808871460614,0.012511420028923843,0.004304041026088673,0.7221945008121138,0.9348057812353203,0.9084813700086439,0.7979793447375508
split43_train1,Noise,15,0.8334586122285413,0.8892094794929941,0.01324653309523495,0.004180302700909349,0.7101101708485085,0.9252845721827113,0.9101758581119597,0.788263847770986
split43_train1,Noise,16,0.8479317167490306,0.8928411787014955,0.013216160992551127,0.004113435388457107,0.7281170191197373,0.9363547938027076,0.9134992870197918,0.8137557670538855
split43_train1,Noise,17,0.8498961792954633,0.8957380275453539,0.011774826553182325,0.004008795786166006,0.7368450496381035,0.9376528975168164,0.916169122934263,0.8089176470926701
split43_train1,Noise,18,0.844838850428868,0.899838104636963,0.012813491495620364,0.0038042192003264683,0.7265624147366941,0.9417651098057382,0.9036863706876054,0.8073415064854341
split43_train1,Noise,19,0.8411047721396725,0.9074667367297423,0.013798201423465481,0.0035088599592009934,0.6964891332522403,0.9431051851692902,0.9098259612747374,0.8149988088624222
split43_train1,Noise,20,0.8442826100335608,0.905518935385818,0.013135669384353052,0.003564358947432043,0.7024262781800187,0.9461251421285617,0.9102282556456643,0.8183507641799985
split43_train1,Noise,21,0.8439009554418917,0.909626850097161,0.011652071820548292,0.003430806730077129,0.7314350261947332,0.9220676733573904,0.9074409367186452,0.8146601854967978
split43_train1,Noise,22,0.8407132025157663,0.9130617600101771,0.014133587638005575,0.003321680521919926,0.7012853260762781,0.9354411286018004,0.9164058041539743,0.8097205512310124
split43_train1,Noise,23,0.8560686482826053,0.9162968499468658,0.0125317801935758,0.0032992604946944456,0.7335473792105216,0.9390570484575193,0.9177601390859859,0.8339100263763949
split43_train1,Noise,24,0.8307002952473056,0.9163082947849499,0.011667886772738712,0.0033060655602323422,0.7150666969806058,0.8761915811033569,0.9167537595571259,0.8147891433481336
split43_train1,Noise,25,0.8467163553494663,0.9155032035613709,0.014593867969284949,0.003364200747559561,0.7244425444145416,0.938944313418379,0.9136524439005399,0.8098261196644045
split43_train1,Combination,1,0.6267029973209575,0.47899870217581275,0.08352850709596406,0.38607133089302265,0.4806539510700842,0.7972752043608868,0.7329700272820162,0.4959128065708428
split43_train1,Combination,2,0.6258855586370338,0.6179498657644585,0.03763521093794185,0.05258918487771983,0.4806539510700842,0.7972752043608868,0.7329700272820162,0.492643051835148
split43_train1,Combination,3,0.6713212064940995,0.6315882373880279,0.02637390088411453,0.030959035120025086,0.4806539510700842,0.7972752043608868,0.7329700272820162,0.6743856432634109
split43_train1,Combination,4,0.7017722343151016,0.6702349408183383,0.015473130603482866,0.018560590127880056,0.4806539510700842,0.8625070462888503,0.7329700272820162,0.7309579126194556
split43_train1,Combination,5,0.7075870106830081,0.7011059570079491,0.01425264100442924,0.013649863879115072,0.4806539510700842,0.9034245606256147,0.7329700272820162,0.7132995037543176
split43_train1,Combination,6,0.7180008853933141,0.716981813987309,0.012348852577649623,0.010903315861291054,0.4806539510700842,0.9314607633244258,0.7329700272820162,0.72691879989673
split43_train1,Combination,7,0.7199384516296664,0.7185257699108403,0.013004612998085339,0.00937440938306959,0.4806539510700842,0.9048943677801085,0.7329700272820162,0.7612354603864565
split43_train1,Combination,8,0.7235079637513233,0.7226183573237053,0.010029045033076292,0.008286074943239607,0.4806539510700842,0.8763723532629912,0.7329700272820162,0.8040355233902015
split43_train1,Combination,9,0.7410544826669923,0.7418014786565361,0.01035514814081936,0.0075241188748202716,0.4806539510700842,0.9284765644062432,0.7329700272820162,0.8221173879096251
split43_train1,Combination,10,0.7413040749272639,0.7483985886617692,0.010858733310432517,0.007313112085765076,0.4806539510700842,0.9382733254560974,0.7329700272820162,0.8133189959008581
split43_train1,Combination,11,0.7460453429831371,0.7513244368008933,0.011778225338987439,0.006735227926293167,0.4815874103134418,0.9387712172182615,0.7329824127170514,0.8308403316837936
split43_train1,Combination,12,0.7520840592809869,0.7585800047924577,0.010502857301648676,0.006317036135957572,0.5092576206778779,0.9445907769302461,0.7173409241425341,0.8371469153732894
split43_train1,Combination,13,0.7995822098365266,0.7976732884339711,0.011526302508386637,0.005945044012742919,0.5867545334935731,0.9393688979021731,0.8295214649745715,0.8426839429757887
split43_train1,Combination,14,0.8163158821310695,0.8098847019692361,0.010702554548919104,0.005953917639744395,0.6209702287688609,0.945564270856088,0.8703401070154313,0.828388921883898
split43_train1,Combination,15,0.8332116559715821,0.831743826937869,0.010062716312471742,0.00554061803207896,0.663245624154917,0.9475449936158219,0.8817211658736706,0.8403348402419188
split43_train1,Combination,16,0.833923541562099,0.8456658764267267,0.008874760048282674,0.00536011618486098,0.6699409369698014,0.9484998314217067,0.8930916019940979,0.8241617958627901
split43_train1,Combination,17,0.8436872850947741,0.8599737941983784,0.008191132904096815,0.004998220221152148,0.7145489138893291,0.905182253760874,0.898876587653992,0.8561413850749011
split43_train1,Combination,18,0.8532344057712995,0.8577593155638835,0.009870544426168793,0.005073791119019875,0.715611573645464,0.9502115179432178,0.899622696228327,0.8474918352681889
split43_train1,Combination,19,0.8489770850977216,0.8680903897060437,0.008450526413731575,0.004718676417256947,0.6989976586101904,0.941373269592105,0.907252116570374,0.848285295618217
split43_train1,Combination,20,0.8555944939911959,0.873146357230187,0.0089344518940656,0.004745378597896481,0.7095825797801644,0.9502330769164334,0.9121139001115249,0.850448419156661
split43_train1,Combination,21,0.8249365558158227,0.880393388868407,0.00987420937516736,0.004329150690873589,0.6571427537104312,0.9233069655579641,0.8863823068741621,0.8329141971207331
split43_train1,Combination,22,0.8599080954159755,0.88106795140018,0.010531810921213986,0.004311558883645517,0.7260677990913343,0.9513382860486196,0.9168315104309996,0.8453947860929484
split43_train1,Combination,23,0.8544910664426937,0.881768582718697,0.008899772327518091,0.004454774561784302,0.7177160570716822,0.941595807407891,0.9112357226772251,0.8474166786139767
split43_train1,Combination,24,0.8589862177939025,0.8850102401040362,0.008989287737147052,0.004325740493434976,0.7168532726028314,0.9476201732870074,0.9170108687087758,0.854460556576995
split43_train1,Combination,25,0.8546732693709171,0.8871931815276933,0.009004081377717106,0.004292855526884226,0.7151308245305364,0.9508705015340996,0.8918335397302034,0.8608582116888291
split43_train1,Combination no noise,1,0.6247956403878285,0.4671219828986941,0.08254418455712173,0.3876683019815767,0.4806539510700842,0.7972752043608868,0.7329700272820162,0.48828337883832684
split43_train1,Combination no noise,2,0.6267029973209575,0.6185765443621526,0.03844328237211575,0.05331511149324146,0.4806539510700842,0.7972752043608868,0.7329700272820162,0.4959128065708428
split43_train1,Combination no noise,3,0.6345697909381116,0.6180411864144059,0.028149490046274404,0.031914384753172834,0.4806539510700842,0.7972752043608868,0.7329700272820162,0.5273799810394594
split43_train1,Combination no noise,4,0.6083789593430632,0.6359842116848132,0.023060593151730365,0.023459125697234372,0.4806539510700842,0.4629930224208364,0.7329700272820162,0.7568988365993162
split43_train1,Combination no noise,5,0.6755556101392963,0.670810418316362,0.01596259026201037,0.015466773453487006,0.4806539510700842,0.7646045026272974,0.7329700272820162,0.7239939595777873
split43_train1,Combination no noise,6,0.7484984497155746,0.7259154438482593,0.01093639707972255,0.010754512830468185,0.4806539510700842,0.9507614291063979,0.7329700272820162,0.8296083914037999
split43_train1,Combination no noise,7,0.7459401778574776,0.739513863318586,0.010213663602126357,0.008906096296960512,0.479564032824832,0.9410823017465249,0.7329700272820162,0.8301443495765374
split43_train1,Combination no noise,8,0.7403076110460626,0.7450848973228622,0.009794753302792189,0.007604130704817929,0.47963239057778895,0.9258869736057099,0.7329700272820162,0.8227410527187352
split43_train1,Combination no noise,9,0.7426324517809051,0.7492047050279063,0.009049229002583002,0.007180700576411179,0.480864558421206,0.9186865352397147,0.7329700272820162,0.8380086861806839
split43_train1,Combination no noise,10,0.7525448021658082,0.756520109814558,0.009130965666554403,0.006529986830055181,0.5077425715987111,0.9180349871480458,0.7329700272820162,0.8514316226344598
split43_train1,Combination no noise,11,0.7606900780436852,0.7675417620775833,0.010711032712867524,0.006107110968985473,0.5386125069332963,0.9271573130991515,0.7329700272820162,0.8440204648602767
split43_train1,Combination no noise,12,0.7959669904168063,0.7877700003397712,0.01044469426978258,0.0057799602398723475,0.6349500292924699,0.9550075188620859,0.7329700272820162,0.8609403862306529
split43_train1,Combination no noise,13,0.8235384478337678,0.811583423391791,0.008952504287046158,0.005370521815305507,0.6377833042644169,0.9216732105105246,0.8785048455412591,0.8561924310188709
split43_train1,Combination no noise,14,0.8316982926471828,0.8564061890477382,0.010675929221179103,0.0050029305198085955,0.6635915680864374,0.9106553168882106,0.9009793307881228,0.8515669548259608
split43_train1,Combination no noise,15,0.8572703423325042,0.871311625278674,0.009047463723499792,0.004653151549691353,0.7168225328812821,0.9590247046308444,0.886796572061798,0.8664375597560924
split43_train1,Combination no noise,16,0.8678888699651095,0.8728111776375285,0.007008847288876575,0.004575655526288043,0.7339469843255879,0.9562127642842702,0.9077790473755903,0.8736166838749897
split43_train1,Combination no noise,17,0.8643456358925125,0.8781122754570287,0.008690409395382195,0.004396987113903792,0.7422814048651786,0.957042940827154,0.9011110103679264,0.8569471875097906
split43_train1,Combination no noise,18,0.8594848080028891,0.88338047916429,0.011480171029589932,0.0042012779975862235,0.7434305596910633,0.9528947297149767,0.8898092022957652,0.8518047403097513
split43_train1,Combination no noise,19,0.8695958084278287,0.8842526111113979,0.008802998765871883,0.004135116848713906,0.7400590182618146,0.9504000179945602,0.9160605231111222,0.8718636743438175
split43_train1,Combination no noise,20,0.8641878962595333,0.8906172455537753,0.009761115672529781,0.00388103332589527,0.7247906874592559,0.9532449581997049,0.9076870281733338,0.8710289112058385
split43_train1,Combination no noise,21,0.8700385484567308,0.8946718824670554,0.010640554249687779,0.0038597111476737075,0.7399887508707982,0.9514935353072196,0.9207993994874059,0.8678725081614993
split43_train1,Combination no noise,22,0.8613170043087411,0.8964110683487487,0.008886036355255308,0.00375332468824587,0.723038103052077,0.9454151806014935,0.910654650744844,0.8661600828365498
split43_train1,Combination no noise,23,0.8718161371291161,0.8972838949912636,0.013083648302555324,0.003680835880340145,0.7407310873742874,0.9580666380428761,0.9186642563643744,0.8698025667349266
split43_train1,Combination no noise,24,0.8602048917556301,0.8958166674961754,0.00818991753804648,0.0037983128950795897,0.7250254402366169,0.9497595131976819,0.9040068551359567,0.8620277584522648
split43_train1,Combination no noise,25,0.8699750404986444,0.9011410408627223,0.008084031867484437,0.003654884593411401,0.7251750638230356,0.9541529784139423,0.924739889757368,0.8758322300002319
split44_train2,Baseline,1,0.5985781855853162,0.447172822604794,0.14080499965059864,0.5552767347518086,0.45988700576847086,0.7536249502472416,0.709604520020771,0.47119626630478145
split44_train2,Baseline,2,0.4943336055117641,0.5690099483653458,0.05660209674723782,0.0636110097338489,0.45988700576847086,0.6434361164868718,0.501129943578266,0.37288135621344765
split44_train2,Baseline,3,0.6335694957535888,0.6022789907783445,0.03041440067888313,0.02703809263013419,0.45988700576847086,0.8698712031661392,0.7333333333701174,0.4711864407096277
split44_train2,Baseline,4,0.6366732747501637,0.624988508301908,0.028467480685805215,0.01783223593965847,0.45988700576847086,0.8822863191524386,0.7333333333701174,0.4711864407096277
split44_train2,Baseline,5,0.6698875420419641,0.6527266170988528,0.03259843964547104,0.013830918121537592,0.45988700576847086,0.8897695099535406,0.7333333333701174,0.5965603190757276
split44_train2,Baseline,6,0.674892260171683,0.6911038440055712,0.0235696482023241,0.011361886075693887,0.45988700576847086,0.88843311804615,0.7333333333701174,0.6179155835019939
split44_train2,Baseline,7,0.6772491300523635,0.7096592515581268,0.018556005033288938,0.009213823932479893,0.45988700576847086,0.9033940455323801,0.7333333333701174,0.6123821355384858
split44_train2,Baseline,8,0.7259322885755288,0.7320102553045307,0.02008707665453921,0.007777948038194123,0.45988700576847086,0.8907784838083198,0.837961173719756,0.7151024910055688
split44_train2,Baseline,9,0.7361666075118581,0.7751277277963975,0.022182150827673566,0.006342321021506718,0.46681175939230884,0.9097172431917226,0.8049622903944456,0.7631751370689552
split44_train2,Baseline,10,0.7408938111860651,0.7828146176051922,0.02170586781079413,0.005911576847069603,0.4816568056185858,0.8985515005027553,0.8164862441375786,0.7668806944853402
split44_train2,Baseline,11,0.7712844321578848,0.8139594993307824,0.021486976111420746,0.005063679500198442,0.5591126730610843,0.9003199375523454,0.8456304078409069,0.7800747101772028
split44_train2,Baseline,12,0.7659302512109971,0.8357275018574786,0.0233992602605229,0.004850630365464246,0.5835955753988433,0.8953047722791293,0.8303159156004175,0.7545047415655985
split44_train2,Baseline,13,0.7809506828713134,0.8517677624781255,0.01777746948766992,0.004479761621957616,0.6027677160499834,0.8774782868383458,0.8571062091712217,0.7864505194257027
split44_train2,Baseline,14,0.7982106029113039,0.8726472343209144,0.023893993918832863,0.003864958610476549,0.6222119463504503,0.9001254274318143,0.882218269731308,0.788286768131643
split44_train2,Baseline,15,0.7903199679192991,0.8780556534740646,0.023763200851733616,0.003943292549307441,0.6113194496308979,0.9009947404753358,0.8730703258460396,0.7758953557249232
split44_train2,Baseline,16,0.7972070649244687,0.8894329194429509,0.021609998324747064,0.0037294779084586635,0.6321023750342116,0.8923945612895083,0.8622817178426211,0.8020496055315338
split44_train2,Baseline,17,0.8110559589534245,0.8965806261200195,0.025159110196147742,0.0034473026995454907,0.6706245921220505,0.9179451037248992,0.8743006396716765,0.7813535002950719
split44_train2,Baseline,18,0.8040215264287466,0.8984130563115194,0.02655900197359196,0.0033776285091197365,0.6495722677090641,0.903832128672361,0.8756717435585606,0.7870099657750007
split44_train2,Baseline,19,0.8068787814412977,0.906602786577296,0.028224538573741884,0.0032963618335254486,0.63518608640291,0.9117918124352263,0.8830884764988592,0.7974487504281949
split44_train2,Baseline,20,0.8127923652244445,0.9076465461403036,0.02119884740128524,0.003331163601432446,0.6659738996410113,0.90362129286997,0.8780013802497569,0.8035728881370399
split44_train2,Baseline,21,0.8213395952320636,0.9161963728767205,0.022989372126827418,0.0029729105807729515,0.6814368602585288,0.9157552313296631,0.8854602738217221,0.8027060155183404
split44_train2,Baseline,22,0.7962842400838088,0.9174437542855159,0.02328280982685822,0.0029139943444186525,0.6494373918188339,0.8836826933016222,0.868716745044523,0.7833001301702562
split44_train2,Baseline,23,0.7988284120919575,0.9193710069697157,0.03212587027464578,0.0029663044912872317,0.6207113266780362,0.8989529278320121,0.8873986140347337,0.7882507798230478
split44_train2,Baseline,24,0.8082614593971793,0.9197430502496573,0.022667012733551463,0.0028753180416265325,0.6682348164504397,0.912650879447856,0.8497707918197281,0.8023893498706932
split44_train2,Baseline,25,0.8144683763386082,0.9281945448823206,0.02553970919457693,0.0025438579141697157,0.662305928332563,0.9031972070541435,0.8924991252146048,0.7998712447531217
split44_train2,Rotation,1,0.532492398969793,0.44611132085128535,0.1363384110165072,0.5541225466587418,0.45988700576847086,0.7382495497624182,0.5299435037329747,0.4018895366153078
split44_train2,Rotation,2,0.6132413442079631,0.5656105598941686,0.04335413624842962,0.06368118959256412,0.45988700576847086,0.8326263932990613,0.6892655370546923,0.4711864407096276
split44_train2,Rotation,3,0.6326462295951895,0.6078821299981801,0.03053093387804053,0.026286915127751765,0.45988700576847086,0.866178138532542,0.7333333333701174,0.4711864407096277
split44_train2,Rotation,4,0.6373743036155558,0.6305017684989507,0.029224258801388042,0.017398983347486532,0.45988700576847086,0.885090434614007,0.7333333333701174,0.4711864407096277
split44_train2,Rotation,5,0.6742956604440001,0.6492428382963606,0.023064766208188155,0.013468923473986236,0.45988700576847086,0.9072489752712234,0.7333333333701174,0.596713327366189
split44_train2,Rotation,6,0.6792216378053628,0.6900133550067137,0.02091670366998359,0.010939272517098649,0.45988700576847086,0.8888391951150029,0.7399959946435766,0.6281643556944009
split44_train2,Rotation,7,0.7368932841785014,0.7275833931197747,0.02118082153076004,0.008684345269760136,0.45988700576847086,0.9105305882742898,0.8295595407248075,0.7475960019464374
split44_train2,Rotation,8,0.7262381940794717,0.7561821919319189,0.01848894642898813,0.007345031533269093,0.4606753184230918,0.8757655099621294,0.7891529272778779,0.7793590206547876
split44_train2,Rotation,9,0.7408292211244957,0.7786181835100394,0.02212383859892594,0.006310462620856222,0.5682231275917073,0.9043014545698219,0.6994605315332292,0.7913317708032245
split44_train2,Rotation,10,0.7788790193315589,0.8092332133692448,0.019819974606418312,0.005941764817851736,0.5499054704882753,0.9043680782719447,0.8576375799957551,0.8036049485702607
split44_train2,Rotation,11,0.7909910080294814,0.8354119659768946,0.01713990301662282,0.005286417730844842,0.6251481588773232,0.8880635220879731,0.8656171377446505,0.7851352134079788
split44_train2,Rotation,12,0.7964957502943611,0.8505915845922186,0.02105903677445829,0.004976065662594662,0.6028362761764848,0.915012588153884,0.8797000435978682,0.7884340932492074
split44_train2,Rotation,13,0.8074064305826297,0.8609038654980081,0.018445133868423197,0.004652386661315972,0.6494334675194052,0.8961541411876229,0.8830849707075161,0.8009531429159743
split44_train2,Rotation,14,0.8094474937326601,0.8748273520925175,0.01971253569175682,0.004310740710564137,0.6385619127816698,0.9137762134347717,0.8891479015025469,0.7963039472116523
split44_train2,Rotation,15,0.8062025526786836,0.8782284742725852,0.019525758285765134,0.004232312144312805,0.6495396691259494,0.9126435643002454,0.8863746991948597,0.7762522780936796
split44_train2,Rotation,16,0.8150823480288413,0.8828111653900588,0.01625734491741192,0.004079997000914157,0.6543578206940018,0.9140625600268549,0.8871323667384776,0.8047766446560308
split44_train2,Rotation,17,0.8257995001088225,0.8858820717773309,0.01684247412639387,0.003971703749558727,0.6876773375357009,0.8974519087820577,0.9022754418635424,0.8157933122539891
split44_train2,Rotation,18,0.8152151441589364,0.8945210572045685,0.015647778666969495,0.0037358515893268535,0.6913650764752004,0.8584039061554759,0.8953573651366552,0.8157342288684141
split44_train2,Rotation,19,0.8205051990635027,0.8972250379562069,0.018149064858916646,0.003719944441842529,0.6433659193617206,0.9244348739203769,0.903012353412742,0.8112076495591712
split44_train2,Rotation,20,0.8357086393430064,0.900491422558308,0.01809916266081616,0.00361740290697913,0.7066548026306423,0.9095196075803663,0.8980359886249135,0.8286241585361033
split44_train2,Rotation,21,0.8244383206636535,0.8987646619470858,0.021993315584298928,0.0037179353518169136,0.6889951207781903,0.9037316624838748,0.8880823306885383,0.8169441687040105
split44_train2,Rotation,22,0.8195089329838459,0.9041011327452598,0.01809131661346262,0.003502541162585543,0.6840086515494049,0.8924845824886642,0.8997165203062052,0.8018259775911094
split44_train2,Rotation,23,0.8226481062467756,0.9090272361719703,0.01972064329928233,0.0032799516278342114,0.6705364142325709,0.9127887515211756,0.9081914619251752,0.7990757973081808
split44_train2,Rotation,24,0.8241396786642696,0.911304944646428,0.020208880910259876,0.0033317041884112545,0.7156246894459053,0.9246750514190354,0.8431318818759673,0.8131270919161702
split44_train2,Rotation,25,0.8369631401104876,0.9126929705011417,0.021482083430520754,0.003261594457372027,0.7087873217407215,0.9196836764660624,0.8985806368194181,0.8208009254157485
split44_train2,Translation,1,0.52590287902054,0.4423481068100383,0.14037674007652043,0.5548668258324202,0.4598870057684633,0.7279053006475104,0.5531073450140657,0.36271186465212046
split44_train2,Translation,2,0.6040220911137858,0.5622028713635627,0.04240079130977392,0.06356533359119713,0.45988700576847086,0.7991392114165845,0.6858757065604608,0.4711864407096273
split44_train2,Translation,3,0.6265899033166267,0.6074944792969436,0.030636182457611367,0.02631712624147176,0.45988700576847086,0.8476025508875069,0.7282485876466657,0.4706214689638632
split44_train2,Translation,4,0.6338166646968886,0.6224092310675576,0.025892158995407658,0.017506560602500675,0.45988700576847086,0.871424850685101,0.7327683616243547,0.4711864407096277
split44_train2,Translation,5,0.6638492950846792,0.6432902048801888,0.029335723142139614,0.013353574809603804,0.45988700576847086,0.9037100495991649,0.7403864716306545,0.5514136533404262
split44_train2,Translation,6,0.6964886414116368,0.6973598775095206,0.024237329266684315,0.010713055620201807,0.45988700576847086,0.895126447411355,0.8017608466391162,0.6291802658276051
split44_train2,Translation,7,0.733338646090118,0.744950705224259,0.021450602295042878,0.008605414649631032,0.45988700576847086,0.9033790564493724,0.8619832824211198,0.7081052397215092
split44_train2,Translation,8,0.7474642798739284,0.764483362918739,0.01920174262570301,0.007314762565415337,0.45988700576847086,0.9075483675503107,0.858776888030574,0.763644858146358
split44_train2,Translation,9,0.7425271475038157,0.779195332030616,0.020184664041153155,0.006278855485059163,0.4810795980181134,0.9064864155988092,0.8415182450668022,0.741024331331538
split44_train2,Translation,10,0.7624475384591803,0.7927913409519536,0.021257004593952605,0.005755884373376786,0.5112955650180924,0.8966595239310917,0.8554595669337964,0.7863754979537411
split44_train2,Translation,11,0.7704461892306786,0.8148523641647394,0.01828002184976851,0.005140151349528623,0.571006444639245,0.9092975975315953,0.816143610948271,0.7853371038036032
split44_train2,Translation,12,0.7771080010960467,0.8331632728405219,0.019604471671030025,0.004927805542736413,0.5744688678813683,0.9032430613115768,0.8444838460798312,0.7862362291114104
split44_train2,Translation,13,0.7867483595563994,0.8494052125261031,0.01649351627120186,0.004490146956950244,0.6212262915185723,0.8931167831746074,0.8449311272299737,0.7877192363024443
split44_train2,Translation,14,0.7958191903504779,0.8648483286654897,0.01982147035352256,0.004166259635187148,0.6604090858934275,0.910603777371746,0.8261552100280831,0.7861086881086552
split44_train2,Translation,15,0.7860681318819313,0.8688996986304183,0.018075370804024157,0.004133881159871685,0.6252573178683246,0.8937444087738535,0.8322736695344982,0.7929971313510484
split44_train2,Translation,16,0.8024581949255035,0.8783510665322396,0.01852226871793588,0.0039032917445287756,0.6399022330752848,0.8882576300743191,0.883201647389905,0.7984712691625054
split44_train2,Translation,17,0.6985724645738323,0.880159097921016,0.023793521886103473,0.00385740041609951,0.660727216383384,0.5138352819299906,0.8377758098567971,0.7819515501251575
split44_train2,Translation,18,0.8058227256994384,0.8709081949799192,0.01598755177414418,0.004335550522644803,0.6534533764977324,0.8664946269011579,0.8849310102880168,0.8184118891108465
split44_train2,Translation,19,0.8173138370234775,0.8926926409074398,0.019562408728348715,0.0035442743362968225,0.6722778233366224,0.89951403043666,0.8861839221652554,0.8112795721553724
split44_train2,Translation,20,0.8255506154369614,0.8967810224820727,0.022928402282330125,0.0034320154412971647,0.6908908398355362,0.9070079621683563,0.8919117141706006,0.8123919455733528
split44_train2,Translation,21,0.8233087139744617,0.9026206095565416,0.019014174169266578,0.0033939966359824505,0.6821739863486933,0.907006768951589,0.889472011925817,0.8145820886717473
split44_train2,Translation,22,0.8133910424842525,0.9022918302409595,0.021227517909325002,0.003303524484514434,0.6701429635495015,0.8956706267543018,0.8864717997145758,0.8012787799186307
split44_train2,Translation,23,0.8273462796572935,0.9048770903657131,0.01779489705025192,0.0033840148821189906,0.6953020745555396,0.9047039305689322,0.8826338743623451,0.826745239142357
split44_train2,Translation,24,0.8212458632900749,0.9083460359327149,0.017131238409493963,0.003342603771580789,0.6975692112166106,0.9102568249260178,0.8659760070209097,0.8111814099967615
split44_train2,Translation,25,0.8344262653162399,0.9122357009826229,0.01942719118914783,0.003229990587831584,0.7047233269330938,0.9137673489522365,0.897915491101765,0.8212988942778644
split44_train2,Scaling,1,0.5647980860165709,0.44149758105074793,0.13045653764594783,0.5557108681643701,0.45988700576847086,0.8263427654362373,0.5666666675438334,0.4062959053177419
split44_train2,Scaling,2,0.6275473045305401,0.5692320753315399,0.04062457892808828,0.06419593965979833,0.45988700576847086,0.8627315906760438,0.7163841809680183,0.4711864407096277
split44_train2,Scaling,3,0.6207008912741704,0.6095880356048475,0.028448440929505606,0.02704924332502244,0.45988700576847086,0.8183967852484656,0.7333333333701174,0.4711864407096277
split44_train2,Scaling,4,0.6265526753794052,0.627711327675317,0.029725243096231476,0.018272871515137977,0.45988700576847086,0.8423688934151686,0.7327683616243534,0.4711864407096277
split44_train2,Scaling,5,0.6179311417543306,0.6462927803968356,0.029577471723838768,0.014302078709585915,0.45988700576847086,0.8294699559635229,0.7333593951631118,0.4490082101222172
split44_train2,Scaling,6,0.6800493042597198,0.6738680644138876,0.020810765244679206,0.0120239110282837,0.45988700576847086,0.8918661048740802,0.7334348545221251,0.6350092518742028
split44_train2,Scaling,7,0.6829032872144093,0.695834553731878,0.01998487026677131,0.010401373988286167,0.45988700576847086,0.9096970867662805,0.7328995554890961,0.6291295008337898
split44_train2,Scaling,8,0.7251779415426993,0.7195782153960019,0.01844155897731423,0.008950468705034428,0.45988700576847086,0.9069898122447325,0.8197659627181806,0.7140689854394136
split44_train2,Scaling,9,0.7310802471591175,0.7621947650108494,0.01647396379927601,0.00742967165447541,0.45988700576847086,0.8693822925404032,0.8387524446084815,0.7562992457191142
split44_train2,Scaling,10,0.7406632105791835,0.7728577597489461,0.017464023659297848,0.006717601044204276,0.47378826851480965,0.911310122315854,0.7907035078515275,0.7868509436345427
split44_train2,Scaling,11,0.7604657174856003,0.7924900419664614,0.018273627771122847,0.005920028704981935,0.5568105901743293,0.9184581300951362,0.7871022118832446,0.7794919377896911
split44_train2,Scaling,12,0.7557255414722348,0.8165017606556073,0.016384195379712536,0.00543526045514878,0.565712163747792,0.9074699331530104,0.77441317741726,0.775306891570877
split44_train2,Scaling,13,0.7897172432773258,0.8371398637746945,0.01476997585832414,0.0050293240061259,0.624922619932072,0.9097825954526593,0.8226763121797627,0.8014874455448099
split44_train2,Scaling,14,0.8013988450391218,0.8615259775280146,0.015074944724957432,0.004549030577913757,0.633993719089608,0.9127750749410504,0.8607595429923861,0.7980670431334432
split44_train2,Scaling,15,0.7945527657504957,0.8674919449338098,0.014844527947544676,0.004485620693341517,0.6010992852018906,0.9164894765614529,0.8647870180889682,0.795835283149671
split44_train2,Scaling,16,0.8060335069012508,0.8739167955757882,0.014726676015794379,0.004397378604440216,0.630462659585147,0.9170658998487321,0.8755052497315051,0.8011002184396186
split44_train2,Scaling,17,0.8072971645320627,0.8826712075832447,0.0143759832581136,0.003964075272642024,0.6392238524713348,0.9154910608869774,0.8718115014295357,0.8026622433404028
split44_train2,Scaling,18,0.8029679356463202,0.8885094269782493,0.01455240624325286,0.003859530508120069,0.6503566804199885,0.8730585068321793,0.8799216197144512,0.8085349356186615
split44_train2,Scaling,19,0.820893341056516,0.8911362207170137,0.014452610078953987,0.003772290715559312,0.6623330305162791,0.9264709766282603,0.8907209316148577,0.8040484254666672
split44_train2,Scaling,20,0.8145635493940996,0.8975770794136766,0.019295088948081126,0.003674173174288303,0.6844681072285218,0.9237331616135604,0.8574879135365449,0.7925650151977712
split44_train2,Scaling,21,0.814938643616162,0.8994816061071842,0.015701722130735427,0.0036193256592773207,0.6585905177069695,0.9275020568125124,0.8744864508467937,0.7991755490983722
split44_train2,Scaling,22,0.8140456862851032,0.9046938256979907,0.013918361227788901,0.00338066837187564,0.6843059398256385,0.88985516073698,0.8726653802688704,0.8093562643089237
split44_train2,Scaling,23,0.8126148682377401,0.9065888098471857,0.014847899375020355,0.0034372154780932937,0.6576330736272663,0.9118250125195849,0.8910496223362908,0.7899517644678183
split44_train2,Scaling,24,0.814720688838561,0.9095392271358201,0.016429176693867426,0.0033087325102708577,0.6906159542253542,0.9240313015646048,0.8218482309383014,0.8223872686259835
split44_train2,Scaling,25,0.8304451322428333,0.909647979778902,0.01563838426248752,0.0032696091862068717,0.6943406739765058,0.9224508804753936,0.8948615050217045,0.8101274694977295
split44_train2,Noise,1,0.5596068937739537,0.4427730910183545,0.1390083778548885,0.5570421772027623,0.45932203402270816,0.77457627118781,0.5339078009270343,0.47062146895826235
split44_train2,Noise,2,0.6307836510320859,0.5567143088205646,0.04372477972762542,0.06655366820463703,0.45988700576847086,0.8587278242801274,0.7333333333701174,0.4711864407096277
split44_train2,Noise,3,0.6106067581085375,0.6041968712252975,0.029325158949857495,0.02779390755777354,0.45988700576847086,0.7780202525859338,0.7333333333701174,0.4711864407096277
split44_train2,Noise,4,0.6192604498565097,0.616295347580877,0.026579861356121663,0.019098143678822434,0.45988700576847086,0.8126350195778231,0.7333333333701174,0.4711864407096277
split44_train2,Noise,5,0.6242069531941338,0.6206105849763173,0.02508046813435047,0.015481446179412463,0.45988700576847086,0.8324210329283193,0.7333333333701174,0.4711864407096277
split44_train2,Noise,6,0.6193253623376213,0.6181142702841438,0.023068702466123074,0.013490896988159527,0.45988700576847086,0.8128946695022691,0.7333333333701174,0.4711864407096277
split44_train2,Noise,7,0.6074208910129749,0.6156267321202421,0.023151322615622368,0.01174143943415304,0.45988700576847086,0.7646194315923369,0.7333333333701174,0.47184379332097437
split44_train2,Noise,8,0.6960721819157187,0.6687703929269304,0.025505970139633276,0.010130161911517888,0.45988700576847086,0.90030049475738,0.7333333333701174,0.6907678937669066
split44_train2,Noise,9,0.7034796657205102,0.7321383604257747,0.02196707000205008,0.008579170205557912,0.45988700576847086,0.87014756447814,0.7727639500735588,0.7111201425618715
split44_train2,Noise,10,0.7370317294963906,0.7654225287025356,0.0230417298257266,0.0071302023237107435,0.4604489808705047,0.894883833405216,0.826014614552946,0.7667794891568954
split44_train2,Noise,11,0.7473697027936188,0.7844551179560473,0.020178123122015088,0.006162094971549709,0.48658369550554165,0.8970506341592351,0.8477822440622338,0.7580622374474645
split44_train2,Noise,12,0.7630721380797341,0.8137557795976058,0.02435184190163692,0.005466535570125637,0.5540914822921013,0.9040714980934089,0.8466468102506721,0.7474787616827537
split44_train2,Noise,13,0.7786647600806543,0.8272302880173136,0.022580667938601837,0.005265660452202971,0.5677832901626835,0.9053181219835582,0.873173115829433,0.7683845123469425
split44_train2,Noise,14,0.7965704539485507,0.8514406072819797,0.02369315990413393,0.004844415932646761,0.6321426909247432,0.9046331784175294,0.8777501776969754,0.7717557687549548
split44_train2,Noise,15,0.7899495337947847,0.8592127130819569,0.02293228571453493,0.004644564237913889,0.6088215383791242,0.9012595616938125,0.8839849355371999,0.7657320995690021
split44_train2,Noise,16,0.804390603670669,0.8727109731208658,0.02185613163101562,0.004400156887710526,0.6477177504054136,0.9001938973904149,0.8824753551341823,0.7871754117526649
split44_train2,Noise,17,0.7933392197100734,0.8799000834056419,0.022176821554665792,0.004133686979032547,0.6253564072498262,0.8811115217018798,0.8883691027869839,0.7785198471016038
split44_train2,Noise,18,0.8021317022389929,0.8853943714082657,0.021204041277218626,0.0040100821203079935,0.6696257965196568,0.8724188041841621,0.8775771497936717,0.7889050584584809
split44_train2,Noise,19,0.7983224377666465,0.8889928684812131,0.02466523497567831,0.003937429920772698,0.6343697314496599,0.9037787234635015,0.883517158490958,0.7716241376624666
split44_train2,Noise,20,0.8072857893086014,0.8921528875005607,0.02330915675045961,0.003896233207594585,0.6703850763981325,0.9012818416002037,0.878867145118459,0.7786090941176103
split44_train2,Noise,21,0.8051322925624599,0.9006899132987858,0.024086052092439653,0.0035646473412988826,0.6663408374070323,0.8831700796166176,0.889096551794681,0.7819217014315085
split44_train2,Noise,22,0.8052188993093709,0.9046477489965985,0.023138245940465714,0.003534955623099591,0.6699720724939501,0.887597725180464,0.8790477055168707,0.7842580940461987
split44_train2,Noise,23,0.8095133806093652,0.9059306291817499,0.023394987737799407,0.0033858482199991082,0.6600951540572174,0.905999258838205,0.8883049469199988,0.7836541626220394
split44_train2,Noise,24,0.8051830481079086,0.9090860740046476,0.020003543528431905,0.0035043087537394496,0.6732624772981872,0.891481870031736,0.8847182293963214,0.7712696157053901
split44_train2,Noise,25,0.816147402886714,0.9119357170503284,0.02438755775616661,0.0033698059348264363,0.6746339800763048,0.9059724256389576,0.9005873642354388,0.7833958415961546
split44_train2,Combination,1,0.5799435029135728,0.44384862850978535,0.1421533564592267,0.5582108320997662,0.4559322035480934,0.77457627118781,0.6598870057944812,0.42937853112390656
split44_train2,Combination,2,0.6004209022574115,0.5519667892687444,0.04331915573057559,0.06856771713699697,0.45988700576847086,0.7909491452410689,0.6796610173104789,0.4711864407096277
split44_train2,Combination,3,0.6217114241573891,0.5990556041718353,0.02762298629753426,0.02957555404541516,0.45988700576847086,0.829783549479088,0.72598870067237,0.4711864407096277
split44_train2,Combination,4,0.6152224869901503,0.6210276431154127,0.026838191367501207,0.020805310179997115,0.45988700576847086,0.7981780833496731,0.7316384181328291,0.4711864407096277
split44_train2,Combination,5,0.6276609390946558,0.6264905237320012,0.021330605747140442,0.017103282474916656,0.45988700576847086,0.8462369765304101,0.7333333333701144,0.4711864407096277
split44_train2,Combination,6,0.6097782427555976,0.6265489943084157,0.021626086364949105,0.014868332748531853,0.45988700576847086,0.7747061911741743,0.7333333333701174,0.4711864407096277
split44_train2,Combination,7,0.6239321456781617,0.6246490757787735,0.019586659818185023,0.013317479757931943,0.45988700576847086,0.8313218028644308,0.7333333333701174,0.4711864407096277
split44_train2,Combination,8,0.673971930346895,0.6411019349473934,0.020776248460311467,0.011839483783592218,0.45988700576847086,0.8513954149185444,0.7333333333701174,0.6512719673304473
split44_train2,Combination,9,0.6954064179882942,0.6932744270149687,0.01788008750861024,0.01031331752793787,0.45988700576847086,0.8966690836473504,0.7333333333701174,0.691736249167238
split44_train2,Combination,10,0.73873201622562,0.7269536777395136,0.018332898381797004,0.009685979846007385,0.45988700576847086,0.9171270591699461,0.8158371502963151,0.762076849667748
split44_train2,Combination,11,0.7428476215128523,0.7509513480552815,0.01574584251110545,0.008012630965045614,0.4602070465889671,0.9164577381053143,0.8222003550573002,0.772525346299828
split44_train2,Combination,12,0.74831039987896,0.7680864537215752,0.018621907038552536,0.00717848492070013,0.4827772171845899,0.9028574390897063,0.8288139474003516,0.7787929958411921
split44_train2,Combination,13,0.7704511921367794,0.780938225070892,0.01668700458924889,0.006649902589023746,0.5372476337950423,0.9120264769788824,0.8586100298020707,0.7739206279711222
split44_train2,Combination,14,0.7760078093622471,0.7954451813576962,0.017047028603580355,0.006354139966441021,0.5444094220930543,0.915619681587183,0.8568243778637422,0.7871777559050093
split44_train2,Combination,15,0.7755056487170576,0.8095568385925008,0.014303207163647056,0.006008814404737679,0.5590395220779365,0.880003885251474,0.8694835274183818,0.7934956601204384
split44_train2,Combination,16,0.7911180012389704,0.8249656302532646,0.01523167702065506,0.005656347365699487,0.609866621743547,0.8952009289298424,0.8893316972219367,0.7700727570605549
split44_train2,Combination,17,0.8020352496738904,0.8434028377039555,0.01429960680354008,0.00522983540055346,0.6393263005804045,0.8935420978681725,0.8878531841502477,0.7874194160967368
split44_train2,Combination,18,0.804767438431674,0.8489204736588848,0.014970534904760652,0.005268652671556182,0.6471189300788536,0.891038580105416,0.8962380869100677,0.7846741566323588
split44_train2,Combination,19,0.8159496267126323,0.8580130609573658,0.015384355187535705,0.004964534927788882,0.6666048746637411,0.9194703676974391,0.8933092861096487,0.7844139783797003
split44_train2,Combination,20,0.8223949033793752,0.8640324272894604,0.016308648280526312,0.004940720718558825,0.6947169491491064,0.9172595805050248,0.8953547178856393,0.7822483659777306
split44_train2,Combination,21,0.8228595887956396,0.8689585646363227,0.01355342747972024,0.004654182544871545,0.6732801023907893,0.9207664461866664,0.9034541704752196,0.7939376361298832
split44_train2,Combination,22,0.8221776943645214,0.8698726713574472,0.015111225261223497,0.004558168842957475,0.6644513603494148,0.9167975435264152,0.9014063020372451,0.8060555715450102
split44_train2,Combination,23,0.81012578808088,0.8732912675267666,0.013458919556116828,0.004617386612161214,0.6707167831728664,0.9169142471689063,0.8939722893609324,0.758899832620815
split44_train2,Combination,24,0.8168762835421493,0.8783040464888119,0.01378375428981058,0.004457268013607031,0.6858465196068907,0.9199147271548617,0.8734896752068485,0.7882542121999959
split44_train2,Combination,25,0.8261452513713138,0.8853340367735995,0.015126414235629118,0.0041640239093114146,0.6939287803423532,0.9214711141704909,0.8958940721636608,0.7932870388087504
split44_train2,Combination no noise,1,0.5026049711494962,0.4535239444799268,0.1359551741263351,0.5555247208353822,0.4587570622769251,0.7209487142867053,0.4288135597470002,0.4019005482873541
split44_train2,Combination no noise,2,0.5370761698589586,0.5546692925409438,0.04267880005073977,0.06543415050842974,0.45988700576847086,0.6946323615580442,0.5531073456934973,0.44067796641582196
split44_train2,Combination no noise,3,0.6194618322931326,0.5983531426527431,0.028683366629437688,0.027135911873176884,0.45988700576847086,0.8280396505567974,0.7187342321376343,0.4711864407096277
split44_train2,Combination no noise,4,0.6395766710257883,0.6131626654991462,0.0248818733941277,0.01767000406940996,0.45988700576847086,0.8614784886944937,0.7337205917191714,0.5032205979210173
split44_train2,Combination no noise,5,0.7118865633572454,0.6862128026826224,0.021100299166481908,0.012769222479179249,0.45988700576847086,0.8762507556738256,0.7970620780472635,0.7143464139394218
split44_train2,Combination no noise,6,0.732364530673298,0.7284538676543497,0.018187034437286056,0.010176358962842543,0.45988700576847086,0.9009848485845465,0.817141028483148,0.7514452398570266
split44_train2,Combination no noise,7,0.7475160994963993,0.7544725585661016,0.01686136441426939,0.008600504401691859,0.45988700576847086,0.9147674377135045,0.8525463979620136,0.7628635565416083
split44_train2,Combination no noise,8,0.7536875867917342,0.7653947127393931,0.016132469180717576,0.007370699984792098,0.46145240456946673,0.9046158902046579,0.8602804923293742,0.7884015600634378
split44_train2,Combination no noise,9,0.7552977878481529,0.7807188876373996,0.013396080416183592,0.006739497684581861,0.5040271229812874,0.9029028622768893,0.81545054351952,0.7988106226149152
split44_train2,Combination no noise,10,0.7747145703465914,0.7974435959635329,0.01414519524680784,0.006274787977596685,0.5375063505796541,0.9025331640671632,0.8622989174082322,0.7965198493313164
split44_train2,Combination no noise,11,0.7950106286904567,0.8140571342813476,0.013117800164895147,0.005710773390804745,0.5747398352072077,0.921694484143015,0.8713616306206878,0.8122465647909164
split44_train2,Combination no noise,12,0.7356572109374839,0.8316101964325163,0.015873160159416175,0.005361965210657815,0.5499327017437677,0.8035174303100173,0.8491251131328869,0.7400535985632639
split44_train2,Combination no noise,13,0.8100791991922127,0.8405082917585253,0.012849384091021272,0.00525258592570489,0.6415867424539429,0.9000790744747781,0.87580347205911,0.8228475077810199
split44_train2,Combination no noise,14,0.816067678479631,0.8577766497912893,0.013361740411579245,0.004805554700369882,0.6648634993893385,0.9125573074253689,0.8631926579995672,0.8236572491042489
split44_train2,Combination no noise,15,0.8146756905178792,0.8633994885146293,0.014880425601658571,0.004567271368456227,0.6702348032661838,0.8969888757670252,0.8745873218372848,0.8168917612010231
split44_train2,Combination no noise,16,0.8104742552499056,0.8689548273221576,0.012097248921047861,0.004410871086972127,0.671417083955261,0.8755000409837396,0.8672604572748894,0.8277194387857323
split44_train2,Combination no noise,17,0.8330809403166431,0.8747479733956531,0.01266054271518196,0.00429635397336397,0.7077240169102212,0.9156132662728049,0.8864115847335425,0.8225748933500036
split44_train2,Combination no noise,18,0.8377906805451423,0.8777546276449766,0.011976342400786863,0.004192363532375982,0.7130473472931191,0.9149143792715869,0.8831654649801792,0.8400355306356838
split44_train2,Combination no noise,19,0.8344977541650396,0.8814954918697079,0.013108223053603905,0.004022675964155049,0.6966775055321824,0.9156635495397347,0.9001726503868465,0.8254773112013947
split44_train2,Combination no noise,20,0.8456504774345872,0.8854623380837947,0.01703328224114041,0.0039812720037734626,0.7254094791796233,0.9164584207916002,0.899919797148235,0.8408142126188904
split44_train2,Combination no noise,21,0.8352304543321579,0.8880909801639266,0.011918894231667265,0.003817715861240489,0.7165988813294207,0.8977776546337018,0.8925680974781475,0.8339771838873616
split44_train2,Combination no noise,22,0.8319532402115926,0.8938595242583363,0.011064381950881079,0.0037112419189779216,0.7047836881446775,0.8971108779994215,0.895153218180745,0.8307651765215265
split44_train2,Combination no noise,23,0.8331321655258828,0.8980701210769542,0.011529809910051562,0.0036288485779984204,0.7100200131767443,0.905049579021795,0.8767985572348188,0.8406605126701734
split44_train2,Combination no noise,24,0.8331473185009556,0.8984207417988375,0.01220516423829706,0.003657900349318038,0.7186432498956729,0.9167800305121605,0.8614558607671757,0.8357101328288136
split44_train2,Combination no noise,25,0.8419424023208906,0.9008252154058313,0.013256437094868661,0.0035386305856301096,0.7177621499988444,0.917895230401684,0.8957523542145527,0.8363598746684815
