patient_id,background,esophagus,heart,trachea,aorta
Patient_01,59494402,32377,365637,32009,106551
Patient_02,64008218,19402,359613,14240,85951
Patient_03,38285585,13471,183705,12624,39783
Patient_04,40898092,18768,330508,21796,149588
Patient_05,73808603,42545,454409,25858,117481
Patient_06,51632746,19061,377459,17459,119931
Patient_07,46427909,25373,365861,14777,89856
Patient_08,44455098,15028,254685,17268,84545
Patient_09,39904945,16086,366127,23501,59517
Patient_10,42085266,27245,488311,19927,108723
Patient_11,46898748,21557,210666,9948,45001
Patient_12,44175023,24318,460516,17069,149698
Patient_13,59120654,23688,474491,16827,133172
Patient_14,42142116,15851,225194,11572,72595
Patient_15,38478914,28417,546464,36293,231512
Patient_16,43001304,17686,412462,15931,68521
Patient_17,43206141,13150,223397,14747,58469
Patient_18,47067278,24184,767246,16582,97062
Patient_19,49339999,16186,359425,20136,71614
Patient_20,53670660,10521,269845,7209,43429
Patient_21,40961980,13357,320170,20413,102832
Patient_22,46997110,12832,361018,17828,59276
Patient_23,39654139,22063,329491,12215,90124
Patient_24,43517382,20404,364923,15539,121944
Patient_25,38880385,20399,331307,17023,72486
Patient_26,64188459,22628,416052,12841,109588
Patient_27,55241599,22553,443088,16252,113180
Patient_28,46072315,23087,703594,13532,111248
Patient_29,44879513,17993,313987,17989,121430
Patient_30,44263739,24588,403806,17547,116944
Patient_31,38397997,15549,297500,14883,71383
Patient_32,40529697,31151,478339,17322,100099
Patient_33,68388203,25297,407187,11358,111827
Patient_34,49757905,71106,395543,19770,87324
Patient_35,47162041,10078,223689,9516,42740
Patient_36,48691673,29495,401156,19996,140752
Patient_37,45687998,19363,342374,12123,75486
Patient_38,41270584,18065,315639,16619,59989
Patient_39,59182182,22267,452276,12338,99769
Patient_40,52780821,17290,323791,14051,79279
